Workbook

Sheet Summary
A1: Ubuntu 24.04 STIG → Omarchy triage (Omarchy owns kernel and repositories; not an Arch finding list)
A2: Source: DISA Canonical Ubuntu 24.04 LTS STIG V1R6 (manual XCCDF) + V1R5 SCAP 1.3 benchmark. Bucket and Status counts update live from the Triage tab.
A4: Bucket | B4: CAT I | C4: CAT II | D4: CAT III | E4: Total | F4: SCAP-auto
A5: As-is | B5: =COUNTIFS(Triage!$I$2:$I$195,$A5,Triage!$C$2:$C$195,"CAT I") | C5: =COUNTIFS(Triage!$I$2:$I$195,$A5,Triage!$C$2:$C$195,"CAT II") | D5: =COUNTIFS(Triage!$I$2:$I$195,$A5,Triage!$C$2:$C$195,"CAT III") | E5: =SUM(B5:D5) | F5: =COUNTIFS(Triage!$I$2:$I$195,$A5,Triage!$G$2:$G$195,"Yes")
A6: Translate | B6: =COUNTIFS(Triage!$I$2:$I$195,$A6,Triage!$C$2:$C$195,"CAT I") | C6: =COUNTIFS(Triage!$I$2:$I$195,$A6,Triage!$C$2:$C$195,"CAT II") | D6: =COUNTIFS(Triage!$I$2:$I$195,$A6,Triage!$C$2:$C$195,"CAT III") | E6: =SUM(B6:D6) | F6: =COUNTIFS(Triage!$I$2:$I$195,$A6,Triage!$G$2:$G$195,"Yes")
A7: Build | B7: =COUNTIFS(Triage!$I$2:$I$195,$A7,Triage!$C$2:$C$195,"CAT I") | C7: =COUNTIFS(Triage!$I$2:$I$195,$A7,Triage!$C$2:$C$195,"CAT II") | D7: =COUNTIFS(Triage!$I$2:$I$195,$A7,Triage!$C$2:$C$195,"CAT III") | E7: =SUM(B7:D7) | F7: =COUNTIFS(Triage!$I$2:$I$195,$A7,Triage!$G$2:$G$195,"Yes")
A8: Review: desktop | B8: =COUNTIFS(Triage!$I$2:$I$195,$A8,Triage!$C$2:$C$195,"CAT I") | C8: =COUNTIFS(Triage!$I$2:$I$195,$A8,Triage!$C$2:$C$195,"CAT II") | D8: =COUNTIFS(Triage!$I$2:$I$195,$A8,Triage!$C$2:$C$195,"CAT III") | E8: =SUM(B8:D8) | F8: =COUNTIFS(Triage!$I$2:$I$195,$A8,Triage!$G$2:$G$195,"Yes")
A9: Not applicable | B9: =COUNTIFS(Triage!$I$2:$I$195,$A9,Triage!$C$2:$C$195,"CAT I") | C9: =COUNTIFS(Triage!$I$2:$I$195,$A9,Triage!$C$2:$C$195,"CAT II") | D9: =COUNTIFS(Triage!$I$2:$I$195,$A9,Triage!$C$2:$C$195,"CAT III") | E9: =SUM(B9:D9) | F9: =COUNTIFS(Triage!$I$2:$I$195,$A9,Triage!$G$2:$G$195,"Yes")
A10: Policy answer | B10: =COUNTIFS(Triage!$I$2:$I$195,$A10,Triage!$C$2:$C$195,"CAT I") | C10: =COUNTIFS(Triage!$I$2:$I$195,$A10,Triage!$C$2:$C$195,"CAT II") | D10: =COUNTIFS(Triage!$I$2:$I$195,$A10,Triage!$C$2:$C$195,"CAT III") | E10: =SUM(B10:D10) | F10: =COUNTIFS(Triage!$I$2:$I$195,$A10,Triage!$G$2:$G$195,"Yes")
A11: Total | B11: =SUM(B5:B10) | C11: =SUM(C5:C10) | D11: =SUM(D5:D10) | E11: =SUM(E5:E10) | F11: =SUM(F5:F10)
A13: Status | B13: Count
A14: Not started | B14: =COUNTIF(Triage!$K$2:$K$195,$A14)
A15: In progress | B15: =COUNTIF(Triage!$K$2:$K$195,$A15)
A16: Done | B16: =COUNTIF(Triage!$K$2:$K$195,$A16)
A17: Open finding (POA&M) | B17: =COUNTIF(Triage!$K$2:$K$195,$A17)
A19: How to use
A20: Yellow cells on the Triage tab are yours to edit: Proposed bucket, Status, Arch check, Arch fix, Owner/notes.
A21: "Proposed bucket" was assigned by keyword heuristic from the Ubuntu check/fix text — review every row, especially the As-is ones.
A22: SCAP automated = the rule has OVAL content in the V1R5 benchmark; "OVAL check types" shows what the probe does (textfilecontent54 = grep a file, dpkginfo = package query → needs pacman rewrite, systemdunitproperty = systemctl state).
A23: Rules with dpkginfo checks are the ones whose OVAL must be rewritten for Arch even if the fix itself is trivial.
A24: Keep SRG-OS ID and CCI as the anchor when writing the Omarchy guide — those are what carry across every Linux STIG.

Sheet Triage
A1: Rule ID | B1: Vuln ID | C1: Severity | D1: SRG-OS ID | E1: CCIs | F1: Title | G1: SCAP automated? | H1: OVAL check types | I1: Proposed bucket | J1: Translation note (auto) | K1: Status | L1: Arch/Omarchy check | M1: Arch/Omarchy fix | N1: Owner / notes | O1: Ubuntu check text | P1: Ubuntu fix text | Q1: Vulnerability discussion
A2: UBTU-24-100010 | B2: V-270645 | C2: CAT III | D2: SRG-OS-000480-GPOS-00227 | E2: CCI-000366 | F2: Ubuntu 24.04 LTS must not have the "systemd-timesyncd" package installed. | G2: Yes | H2: dpkginfo | I2: Translate | J2: apt/dpkg → pacman -Q / pacman -Qkk / pacman.conf SigLevel | K2: Not started | O2: Verify the "systemd-timesyncd" package is not installed with the following command: $ dpkg -l | grep systemd-timesyncd If the "systemd-timesyncd" package is installed, this is a finding. | P2: The "systemd-timesyncd" package will be uninstalled as part of the "chrony" package install. Purge the remaining configuration files for "systemd-timesyncd" from Ubuntu 24.04 LTS: $ sudo apt-get purge systemd-timesyncd | Q2: Inaccurate time stamps make it more difficult to correlate events and can lead to an inaccurate analysis. Determining the correct time a particular event occurred on a system is critical when conducting forensic analysis and investigating system events. Sources outside the configured acceptable allowance (drift) may be inaccurate. Organizations must consider endpoints that may not have regular access to the authoritative time server (e.g., mobile, teleworking, and tactical endpoints).
A3: UBTU-24-100020 | B3: V-270646 | C3: CAT III | D3: SRG-OS-000480-GPOS-00227 | E3: CCI-000366 | F3: Ubuntu 24.04 LTS must not have the "ntp" package installed. | G3: Yes | H3: dpkginfo | I3: Translate | J3: apt/dpkg → pacman -Q / pacman -Qkk / pacman.conf SigLevel | K3: Not started | O3: Verify the "ntp" package is not installed with the following command: $ dpkg -l | grep ntp If the "ntp" package is installed, this is a finding. | P3: Uninstall the "ntp" package using the following command: $ sudo apt remove ntp If there are additional configuration files on the system that must be removed, the following command can be used instead: $ sudo apt-get purge ntp | Q3: Inaccurate time stamps make it more difficult to correlate events and can lead to an inaccurate analysis. Determining the correct time a particular event occurred on a system is critical when conducting forensic analysis and investigating system events. Sources outside the configured acceptable allowance (drift) may be inaccurate. Organizations must consider endpoints that may not have regular access to the authoritative time server (e.g., mobile, teleworking, and tactical endpoints).
A4: UBTU-24-100030 | B4: V-270647 | C4: CAT I | D4: SRG-OS-000074-GPOS-00042 | E4: CCI-000197 | F4: Ubuntu 24.04 LTS must not have the telnet package installed. | G4: Yes | H4: dpkginfo | I4: Build | J4: apt/dpkg → pacman -Q / pacman -Qkk / pacman.conf SigLevel | K4: Open finding (POA&M) | L4: pacman -Qo /usr/bin/telnetd; systemctl is-enabled telnet.socket ftpd.service telnetd.service | M4: Gov/mil preset: ship the base repository without a telnet server binary. Do not drop inetutils from the public image; hostname and ping come from that package. | N4: Phase 2. Parent V-203630. The Ubuntu check looks for a telnetd package. That package name is absent, and the heuristic Translate stops there. The base package list installs inetutils, which ships /usr/bin/telnetd and ftpd. Owning the base repository is how the server binary comes out. The public image keeps inetutils. | O4: Verify the telnet package is not installed on Ubuntu 24.04 LTS with the following command: $ dpkg -l | grep telnetd If the telnetd package is installed, this is a finding. | P4: Remove the telnet package from Ubuntu 24.04 LTS with the following command: $ sudo apt remove telnetd | Q4: Remote access services, such as those providing remote access to network devices and information systems, which lack automated control capabilities, increase risk and make remote user access management difficult at best. Remote access is access to DOD nonpublic information systems by an authorized user (or an information system) communicating through an external, nonorganization-controlled network. Remote access methods include, for example, dial-up, broadband, and wireless. Ubuntu 24.04 LTS functionality (e.g., RDP) must be capable of taking enforcement action if the audit reveals unauthorized activity. Automated control of remote access sessions allows organizations to ensure ongoing compliance with remote access policies by enforcing connection rules of remote access applications on a variety of information system components (e.g., servers, workstations, notebook computers, smartphones, and tablets).
A5: UBTU-24-100040 | B5: V-270648 | C5: CAT I | D5: SRG-OS-000095-GPOS-00049 | E5: CCI-000381 | F5: Ubuntu 24.04 LTS must not have the rsh-server package installed. | G5: Yes | H5: dpkginfo | I5: Translate | J5: apt/dpkg → pacman -Q / pacman -Qkk / pacman.conf SigLevel | K5: Done | L5: pacman -Q rsh-server; test ! -x /usr/bin/rshd | M5: None on the public image. The Omarchy base repository must not publish rsh-server. | N5: Phase 2. Parent SRG-OS-000095-GPOS-00049. rsh-server is not in install/omarchy-base.packages and is not installed on a current image. Translate to pacman is enough. Owning the base repository means the promise is 'we do not publish it,' not 'Arch does not.' | O5: Verify the rsh-server package is installed with the following command: $ dpkg -l | grep rsh-server If the rsh-server package is installed, this is a finding. | P5: Configure Ubuntu 24.04 LTS to disable nonessential capabilities by removing the rsh-server package from the system with the following command: $ sudo apt remove rsh-server | Q5: It is detrimental for operating systems to provide, or install by default, functionality exceeding requirements or mission objectives. These unnecessary capabilities or services are often overlooked and therefore, may remain unsecured. They increase the risk to the platform by providing additional attack vectors. Operating systems are capable of providing a wide variety of functions and services. Some of the functions and services, provided by default, may not be necessary to support essential organizational operations (e.g., key missions, functions). Examples of nonessential capabilities include, but are not limited to, games, software packages, tools, and demonstration software, not related to requirements or providing a wide array of functionality not required for every mission, but which cannot be disabled.
A6: UBTU-24-100050 | B6: V-279938 | C6: CAT I | D6: SRG-OS-000095-GPOS-00049 | E6: CCI-000381 | F6: Ubuntu 24.04 LTS must not have the nfs-kernel-server package installed. | G6: No (manual) | H6: — | I6: Translate | J6: apt/dpkg → pacman -Q / pacman -Qkk / pacman.conf SigLevel | K6: Done | L6: pacman -Q nfs-utils; systemctl list-unit-files 'nfs*' --no-legend | M6: None for the kernel server. Keep gvfs-nfs; it is the file-manager client, not nfs-kernel-server. | N6: Phase 2. Same parent as V-270648. The title forbids the NFS server. nfs-utils is not in the base list. The Ubuntu check also names nfs-common. Omarchy ships gvfs-nfs, which is not that server package. A preset that wants no NFS client code would remove gvfs-nfs; the public desktop does not. | O6: Verify Ubuntu 24.04 LTS does not have nfs packages installed. Check if packages are installed: $sudo dpkg -l | grep -E 'nfs-common | nfs-kernel-server' If the nfs-common or nfs-kernel-server packages are installed, this is a finding | P6: Configure Ubuntu 24.04 LTS to disable non-essential capabilities by removing the nfs-common and nfs-kernel-server packages from the system with the following commands: Remove packages if present: $ sudo apt purge --yes nfs-common nfs-kernel-server Remove any unneeded dependencies $ sudo apt autoremove --yes Verify NFS services are gone: $ sudo systemctl list-units --type=service | grep nfs | Q6: It is detrimental for operating systems to provide, or install by default, functionality exceeding requirements or mission objectives. These unnecessary capabilities or services are often overlooked and therefore may remain unsecured. They increase the risk to the platform by providing additional attack vectors. Operating systems are capable of providing a wide variety of functions and services. Some of the functions and services, provided by default, may not be necessary to support essential organizational operations (e.g., key missions, functions). Examples of non-essential capabilities include, but are not limited to, games, software packages, tools, and demonstration software, not related to requirements or providing a wide array of functionality not required for every mission, but which cannot be disabled.
A7: UBTU-24-100100 | B7: V-270649 | C7: CAT II | D7: SRG-OS-000445-GPOS-00199 | E7: CCI-002696 | F7: Ubuntu 24.04 LTS must use a file integrity tool to verify correct operation of all security functions. | G7: Yes | H7: dpkginfo | I7: Translate | J7: apt/dpkg → pacman -Q / pacman -Qkk / pacman.conf SigLevel | K7: Not started | O7: Verify that Advanced Intrusion Detection Environment (AIDE) is installed and verifies the correct operation of all security functions with the following command: $ dpkg -l | grep aide ii aide 0.18.6-2build2 amd64 Advanced Intrusion Detection Environment - dynamic binary ii aide-common 0.18.6-2build2 all Advanced Intrusion Detection Environment - Common files If AIDE is not installed, ask the system administrator how file integrity checks are performed on the system. If there is no application installed to perform integrity checks, this is a finding. | P7: Install the "AIDE" file integrity package: $ sudo apt install -y aide | Q7: Without verification, security functions may not operate correctly and the failure may go unnoticed. Security function is defined as the hardware, software, and/or firmware of the information system responsible for enforcing the system security policy and supporting the isolation of code and data on which the protection is based. Security functionality includes, but is not limited to, establishing system accounts, configuring access authorizations (i.e., permissions, privileges), setting events to be audited, and setting intrusion detection parameters. This requirement applies to Ubuntu 24.04 LTS performing security function verification/testing and/or systems and environments that require this functionality.
A8: UBTU-24-100110 | B8: V-270650 | C8: CAT II | D8: SRG-OS-000445-GPOS-00199 | E8: CCI-002696 | F8: Ubuntu 24.04 LTS must configure AIDE to perform file integrity checking on the file system if installed. | G8: No (manual) | H8: — | I8: Build | J8: AIDE is in extra/; write Arch-specific aide.conf and cron/timer | K8: Not started | O8: Note: If a file integrity tool other than Advanced Intrusion Detection Environment (AIDE) is employed, this requirement is not applicable. Verify AIDE is configured on the system by performing a manual check: $ sudo aide -c /etc/aide/aide.conf --check Example output: ... Start timestamp: 2024-10-30 14:22:38 -0400 (AIDE 0.18.6) AIDE found differences between database and filesystem!! ... If AIDE is being used for system file integrity checking and the command fails, this is a finding. | P8: Initialize the AIDE package (this may take a few minutes): $ sudo aideinit Running aide --init... The new database will need to be renamed to be read by AIDE: $ sudo cp -p /var/lib/aide/aide.db.new /var/lib/aide/aide.db Perform a manual check: $ sudo aide -c /etc/aide/aide.conf --check Example output: ... Start timestamp: 2024-10-30 14:22:38 -0400 (AIDE 0.18.6) AIDE found differences between database and filesystem!! ... Done. | Q8: Without verification, security functions may not operate correctly and the failure may go unnoticed. Security function is defined as the hardware, software, and/or firmware of the information system responsible for enforcing the system security policy and supporting the isolation of code and data on which the protection is based. Security functionality includes, but is not limited to, establishing system accounts, configuring access authorizations (i.e., permissions, privileges), setting events to be audited, and setting intrusion detection parameters. This requirement applies to Ubuntu 24.04 LTS performing security function verification/testing and/or systems and environments that require this functionality.
A9: UBTU-24-100120 | B9: V-270651 | C9: CAT II | D9: SRG-OS-000446-GPOS-00200 | E9: CCI-002699 | F9: Ubuntu 24.04 LTS must be configured so that the script which runs each 30 days or less to check file integrity is the default one. | G9: No (manual) | H9: — | I9: Translate | J9: apt/dpkg → pacman -Q / pacman -Qkk / pacman.conf SigLevel | K9: Not started | O9: Note: If AIDE is not installed, this finding is not applicable. Check the AIDE configuration file integrity installed on the system (the default configuration file is located at /etc/aide/aide.conf or in /etc/aide/aide.conf.d/) with the following command: $ sudo sha256sum /etc/aide/aide.conf f3bbea2552f2c5b475627850d8a5fba1659df6466986d5a18948d9821ecbe491 /etc/aide/aide.conf Download the original aide-common package in the /tmp directory: $ cd /tmp; apt download aide-common Generate the checksum from the aide.conf file in the downloaded .deb package: $ sudo dpkg-deb --fsys-tarfile /tmp/aide-common_0.18.6-2build2_all.deb | tar -xO ./usr/share/aide/config/aide/aide.conf | sha256sum f3bbea2552f2c5b475627850d8a5fba1659df6466986d5a18948d9821ecbe491 - If the checksums of the system file (/etc/aide/aide.conf) and the extracted file do not match, this is a finding. To verify the frequency of the file integrity checks, inspect the contents of the scheduled jobs as follows: Checking scheduled cron jobs: $ grep -r aide /etc/cron* /etc/crontab /etc/cron.daily/dailyaidecheck:SCRIPT="/usr/share/aide/bin/dailyaidecheck" Checking the systemd timer (this will show when the next scheduled run occurs and the last time the AIDE check was triggered): $ sudo systemctl list-timers | grep aide Thu 2024-10-31 02:01:58 EDT 10h Wed 2024-10-30 13:47:41 EDT - dailyaidecheck.timer dailyaidecheck.service The contents of these files can be inspected with the following commands: $ sudo systemctl cat dailyaidecheck.timer $ sudo systemctl cat dailyaidecheck.service If there is no AIDE script file in the cron directories or in the systemd timer, this is a finding. | P9: The cron file for AIDE is fairly complex as it creates the report. This file is installed with the "aide-common" package, and the default can be restored by copying it from the package: Download the original package to the /tmp dir: $ cd /tmp; apt download aide-common Extract the aide script to its original place: $ dpkg-deb --fsys-tarfile /tmp/aide-common_*.deb | sudo tar -x --wildcards ./usr/share/aide/config/cron.daily/dailyaidecheck* -C / Copy it to the cron.daily directory: $ sudo cp -f /usr/share/aide/config/cron.daily/aide /etc/cron.daily/dailyaidecheck* | Q9: Without verification, security functions may not operate correctly and the failure may go unnoticed. Security function is defined as the hardware, software, and/or firmware of the information system responsible for enforcing the system security policy and supporting the isolation of code and data on which the protection is based. Security functionality includes, but is not limited to, establishing system accounts, configuring access authorizations (i.e., permissions, privileges), setting events to be audited, and setting intrusion detection parameters. Notifications provided by information systems include, for example, electronic alerts to system administrators, messages to local computer consoles, and/or hardware indications, such as lights. This requirement applies to Ubuntu 24.04 LTS performing security function verification/testing and/or systems and environments that require this functionality.
A10: UBTU-24-100130 | B10: V-270652 | C10: CAT II | D10: SRG-OS-000447-GPOS-00201 | E10: CCI-002702, CCI-001744 | F10: Ubuntu 24.04 LTS must notify designated personnel if baseline configurations are changed in an unauthorized manner. The file integrity tool must notify the system administrator (SA) when changes to the baseline configuration or anomalies in the operation of any security functions are discovered. | G10: Yes | H10: textfilecontent54 | I10: As-is | J10: Verify path/package name on Arch | K10: Not started | O10: Verify that Advanced Intrusion Detection Environment (AIDE) notifies the SA when anomalies in the operation of any security functions are discovered with the following command: $ grep SILENTREPORTS /etc/default/aide SILENTREPORTS=no If "SILENTREPORTS" is set to "yes", is commented out, or is missing, this is a finding. | P10: Configure Ubuntu 24.04 LTS to notify designated personnel if baseline configurations are changed in an unauthorized manner. Modify the "SILENTREPORTS" parameter in the "/etc/default/aide" file with a value of "no" if it does not already exist as follows: SILENTREPORTS=no | Q10: Unauthorized changes to the baseline configuration could make the system vulnerable to various attacks or allow unauthorized access to Ubuntu 24.04 LTS. Changes to Ubuntu 24.04 LTS configurations can have unintended side effects, some of which may be relevant to security. Detecting such changes and providing an automated response can help avoid unintended, negative consequences that could ultimately affect the security state of Ubuntu 24.04 LTS. Ubuntu 24.04 LTS' IMO/information system security officer (ISSO) and SAs must be notified via email and/or monitoring system trap when there is an unauthorized modification of a configuration item. Satisfies: SRG-OS-000447-GPOS-00201, SRG-OS-000363-GPOS-00150
A11: UBTU-24-100200 | B11: V-270653 | C11: CAT II | D11: SRG-OS-000269-GPOS-00103 | E11: CCI-001665 | F11: Ubuntu 24.04 LTS must be configured to preserve log records from failure events. | G11: Yes | H11: dpkginfo, systemdunitproperty | I11: Translate | J11: apt/dpkg → pacman -Q / pacman -Qkk / pacman.conf SigLevel | K11: Not started | O11: Verify the log service is installed properly with the following command: $ dpkg -l | grep rsyslog ii rsyslog 8.2312.0-3ubuntu9 amd64 reliable system and kernel logging daemon If the "rsyslog" package is not installed, this is a finding. Check that the log service is enabled with the following command: $ systemctl is-enabled rsyslog enabled If the command above returns "disabled", this is a finding. Check that the log service is properly running and active on the system with the following command: $ systemctl is-active rsyslog active If the command above returns "inactive", this is a finding. | P11: Configure the log service to collect failure events. Install the log service (if the log service is not already installed) with the following command: $ sudo apt install -y rsyslog Enable the log service with the following command: $ sudo systemctl enable --now rsyslog | Q11: Failure to a known state can address safety or security in accordance with the mission/business needs of the organization. Failure to a known secure state helps prevent a loss of confidentiality, integrity, or availability in the event of a failure of the information system or a component of the system. Preserving operating system state information helps to facilitate operating system restart and return to the operational mode of the organization with least disruption to mission/business processes.
A12: UBTU-24-100300 | B12: V-270654 | C12: CAT II | D12: SRG-OS-000297-GPOS-00115 | E12: CCI-002314 | F12: Ubuntu 24.04 LTS must have an application firewall installed in order to control remote access methods. | G12: Yes | H12: dpkginfo | I12: Translate | J12: apt/dpkg → pacman -Q / pacman -Qkk / pacman.conf SigLevel | K12: Not started | O12: Verify that the Uncomplicated Firewall (ufw) is installed with the following command: $ dpkg -l | grep ufw ii ufw 0.36.2-6 all program for managing a Netfilter firewall If the "ufw" package is not installed, ask the system administrator if another application firewall is installed. If no application firewall is installed, this is a finding. | P12: Install the ufw by using the following command: $ sudo apt install -y ufw | Q12: Remote access services, such as those providing remote access to network devices and information systems, which lack automated control capabilities, increase risk, and make remote user access management difficult at best. Remote access is access to DOD nonpublic information systems by an authorized user (or an information system) communicating through an external, nonorganization-controlled network. Remote access methods include, for example, dial-up, broadband, and wireless. Ubuntu 24.04 LTS functionality (e.g., RDP) must be capable of taking enforcement action if the audit reveals unauthorized activity. Automated control of remote access sessions allows organizations to ensure ongoing compliance with remote access policies by enforcing connection rules of remote access applications on a variety of information system components (e.g., servers, workstations, notebook computers, smartphones, and tablets).
A13: UBTU-24-100310 | B13: V-270655 | C13: CAT II | D13: SRG-OS-000297-GPOS-00115 | E13: CCI-002314 | F13: Ubuntu 24.04 LTS must enable and run the Uncomplicated Firewall (ufw). | G13: Yes | H13: systemdunitproperty | I13: Translate | J13: ufw → nftables | K13: Not started | O13: Verify the ufw is enabled on the system with the following command: $ sudo ufw status Status: active If the above command returns the status as "inactive" or any type of error, this is a finding. If the ufw is not installed, ask the system administrator if another application firewall is installed. If a different firewall is active on the system, this is not a finding. | P13: Enable the ufw by using the following command: $ sudo ufw enable Note: Enabling the firewall will potentially disrupt ssh sessions. | Q13: Remote access services, such as those providing remote access to network devices and information systems, which lack automated control capabilities, increase risk, and make remote user access management difficult at best. Remote access is access to DOD nonpublic information systems by an authorized user (or an information system) communicating through an external, nonorganization-controlled network. Remote access methods include, for example, dial-up, broadband, and wireless. Ubuntu 24.04 LTS functionality (e.g., RDP) must be capable of taking enforcement action if the audit reveals unauthorized activity. Automated control of remote access sessions allows organizations to ensure ongoing compliance with remote access policies by enforcing connection rules of remote access applications on a variety of information system components (e.g., servers, workstations, notebook computers, smartphones, and tablets). Satisfies: SRG-OS-000297-GPOS-00115, SRG-OS-000480-GPOS-00232
A14: UBTU-24-100400 | B14: V-270656 | C14: CAT II | D14: SRG-OS-000365-GPOS-00152 | E14: CCI-003938, CCI-001914, CCI-000169, CCI-000172, CCI-000135, CCI-000130, CCI-000131, CCI-000132, CCI-000133, CCI-000134, CCI-000154, CCI-000158, CCI-001876, CCI-001875, CCI-001877, CCI-001878, CCI-001879, CCI-001880, CCI-001881, CCI-001882 | F14: Ubuntu 24.04 LTS must have the "auditd" package installed. | G14: Yes | H14: dpkginfo | I14: Translate | J14: apt/dpkg → pacman -Q / pacman -Qkk / pacman.conf SigLevel | K14: Not started | O14: Verify the audit service is configured to produce audit records with the following command: $ dpkg -l | grep auditd ii auditd 1:3.0.7-1build1 amd64 User space tools for security auditing If the "auditd" package is not installed, this is a finding. | P14: Configure the audit service to produce audit records containing the information needed to establish when (date and time) an event occurred. Install the audit service (if the audit service is not already installed) with the following command: $ sudo apt install -y auditd | Q14: Without establishing the when, where, type, source, and outcome of events that occurred, it would be difficult to establish, correlate, and investigate the events leading up to an outage or attack. Without the capability to generate audit records, it would be difficult to establish, correlate, and investigate the events relating to an incident or identify those responsible for one. Audit record content that may be necessary to satisfy this requirement includes, for example, time stamps, source and destination addresses, user/process identifiers, event descriptions, success/fail indications, filenames involved, and access control or flow control rules invoked. Reconstruction of harmful events or forensic analysis is not possible if audit records do not contain enough information. Successful incident response and auditing relies on timely, accurate system information and analysis to allow the organization to identify and respond to potential incidents in a proficient manner. If Ubuntu 24.04 LTS does not provide the ability to centrally review Ubuntu 24.04 LTS logs, forensic analysis is negatively impacted. Associating event types with detected events in Ubuntu 24.04 LTS audit logs provides a means of investigating an attack; recognizing resource utilization or capacity thresholds; or identifying an improperly configured operating system. Satisfies: SRG-OS-000365-GPOS-00152, SRG-OS-000337-GPOS-00129, SRG-OS-000062-GPOS-00031, SRG-OS-000475-GPOS-00220, SRG-OS-000042-GPOS-00020, SRG-OS-000042-GPOS-00021, SRG-OS-000037-GPOS-00015, SRG-OS-000038-GPOS-00016, SRG-OS-000039-GPOS-00017, SRG-OS-000040-GPOS-00018, SRG-OS-000041-GPOS-00019, SRG-OS-000051-GPOS-00024, SRG-OS-000054-GPOS-00025, SRG-OS-000122-GPOS-00063, SRG-OS-000348-GPOS-00136, SRG-OS-000349-GPOS-00137, SRG-OS-000350-GPOS-00138, SRG-OS-000351-GPOS-00139, SRG-OS-000352-GPOS-00140, SRG-OS-000353-GPOS-00141, SRG-OS-000354-GPOS-00142
A15: UBTU-24-100410 | B15: V-270657 | C15: CAT II | D15: SRG-OS-000365-GPOS-00152 | E15: CCI-003938, CCI-001914, CCI-000169, CCI-000172, CCI-000135, CCI-000130, CCI-000131, CCI-000132, CCI-000133, CCI-000134, CCI-000154, CCI-000158, CCI-001876, CCI-001875, CCI-001877, CCI-001878, CCI-001879, CCI-001880, CCI-001881, CCI-001882 | F15: Ubuntu 24.04 LTS must produce audit records and reports containing information to establish when, where, what type, the source, and the outcome for all DOD-defined auditable events and actions in near real time. | G15: Yes | H15: systemdunitproperty | I15: As-is | J15: Distro-agnostic; verify file paths on Arch | K15: Not started | O15: Verify the audit service is enabled with the following command: $ systemctl is-enabled auditd.service enabled If the command above returns "disabled", this is a finding. Verify the audit service is properly running and active on the system with the following command: $ systemctl is-active auditd.service active If the command above returns "inactive", this is a finding. | P15: Configure the audit service to produce audit records containing the information needed to establish when (date and time) an event occurred. Enable the audit service with the following command: $ sudo systemctl enable auditd.service To reload the rules file, issue the following command: $ sudo augenrules --load | Q15: Without establishing the when, where, type, source, and outcome of events that occurred, it would be difficult to establish, correlate, and investigate the events leading up to an outage or attack. Without the capability to generate audit records, it would be difficult to establish, correlate, and investigate the events relating to an incident or identify those responsible for one. Audit record content that may be necessary to satisfy this requirement includes, for example, time stamps, source and destination addresses, user/process identifiers, event descriptions, success/fail indications, filenames involved, and access control or flow control rules invoked. Reconstruction of harmful events or forensic analysis is not possible if audit records do not contain enough information. Successful incident response and auditing relies on timely, accurate system information and analysis to allow the organization to identify and respond to potential incidents in a proficient manner. If Ubuntu 24.04 LTS does not provide the ability to centrally review Ubuntu 24.04 LTS logs, forensic analysis is negatively impacted. Associating event types with detected events in Ubuntu 24.04 LTS audit logs provides a means of investigating an attack; recognizing resource utilization or capacity thresholds; or identifying an improperly configured operating system. Satisfies: SRG-OS-000365-GPOS-00152, SRG-OS-000337-GPOS-00129, SRG-OS-000062-GPOS-00031, SRG-OS-000475-GPOS-00220, SRG-OS-000042-GPOS-00020, SRG-OS-000042-GPOS-00021, SRG-OS-000037-GPOS-00015, SRG-OS-000038-GPOS-00016, SRG-OS-000039-GPOS-00017, SRG-OS-000040-GPOS-00018, SRG-OS-000041-GPOS-00019, SRG-OS-000051-GPOS-00024, SRG-OS-000054-GPOS-00025, SRG-OS-000122-GPOS-00063, SRG-OS-000348-GPOS-00136, SRG-OS-000349-GPOS-00137, SRG-OS-000350-GPOS-00138, SRG-OS-000351-GPOS-00139, SRG-OS-000352-GPOS-00140, SRG-OS-000353-GPOS-00141, SRG-OS-000354-GPOS-00142
A16: UBTU-24-100450 | B16: V-270658 | C16: CAT III | D16: SRG-OS-000342-GPOS-00133 | E16: CCI-001851 | F16: Ubuntu 24.04 LTS audit event multiplexor must be configured to offload audit logs onto a different system or storage media from the system being audited. | G16: No (manual) | H16: — | I16: Translate | J16: apt/dpkg → pacman -Q / pacman -Qkk / pacman.conf SigLevel | K16: Not started | O16: Verify the audit event multiplexor is configured to offload audit records to a different system or storage media from the system being audited. Check that audisp-remote plugin is installed: $ dpkg -l | grep audispd-plugins ii audispd-plugins 1:3.1.2-2.1build1.1 amd64 Plugins for the audit event dispatcher If the packet is "not installed", this is a finding. Check that the records are being offloaded to a remote server with the following command: $ sudo grep -i active /etc/audit/plugins.d/au-remote.conf active = yes If "active" is not set to "yes", or the line is commented out, or is missing, this is a finding. Check that audisp-remote plugin is configured to send audit logs to a different system: $ sudo grep -i ^remote_server /etc/audit/audisp-remote.conf remote_server = 192.168.122.126 If the "remote_server" parameter is not set, is set with a local address, or is set with an invalid address, this is a finding. | P16: Configure the audit event multiplexor to offload audit records to a different system or storage media from the system being audited. Install the audisp-remote plugin: $ sudo apt install -y audispd-plugins Set the audisp-remote plugin as active by editing the "/etc/audit/plugins.d/au-remote.conf" file: $ sudo sed -i -E 's/active\s*=\s*no/active = yes/' /etc/audit/plugins.d/au-remote.conf Set the address of the remote machine by editing the "/etc/audit/audisp-remote.conf" file: $ sudo sed -i -E 's/(remote_server\s*=).*/\1 <remote addr>/' /etc/audit/audisp-remote.conf where <remote addr> must be substituted by the address of the remote server receiving the audit log. Make the audit service reload its configuration files: $ sudo systemctl restart auditd.service | Q16: Information stored in one location is vulnerable to accidental or incidental deletion or alteration. Offloading is a common process in information systems with limited audit storage capacity. Satisfies: SRG-OS-000342-GPOS-00133, SRG-OS-000479-GPOS-00224
A17: UBTU-24-100500 | B17: V-270659 | C17: CAT II | D17: SRG-OS-000312-GPOS-00124 | E17: CCI-002165, CCI-001764, CCI-001774 | F17: Ubuntu 24.04 LTS must have AppArmor installed. | G17: Yes | H17: dpkginfo | I17: Build | J17: Arch ships apparmor but no profiles; port from Ubuntu apparmor-profiles | K17: Not started | O17: Verify Ubuntu 24.04 LTS has AppArmor installed with the following command: $ dpkg -l | grep apparmor ii apparmor 4.0.1really4.0.1-0ubuntu0.24.04.3 amd64 user-space parser utility for AppArmor ii libapparmor1:amd64 4.0.1really4.0.1-0ubuntu0.24.04.3 amd64 changehat AppArmor library If the AppArmor package is not installed, this is a finding. | P17: Install "AppArmor" with the following command: $ sudo apt install apparmor Note: AppArmor must have properly configured profiles for applications and home directories. All configurations will be based on the actual system setup and organization and normally are on a per role basis. Refer to the AppArmor documentation for more information on configuring profiles. | Q17: Control of program execution is a mechanism used to prevent execution of unauthorized programs. Some operating systems may provide a capability that runs counter to the mission or provides users with functionality that exceeds mission requirements. This includes functions and services installed at Ubuntu 24.04 LTS-level. Some of the programs, installed by default, may be harmful or may not be necessary to support essential organizational operations (e.g., key missions, functions). Removal of executable programs is not always possible; therefore, establishing a method of preventing program execution is critical to maintaining a secure system baseline. Methods for complying with this requirement include restricting execution of programs in certain environments, while preventing execution in other environments; or limiting execution of certain program functionality based on organization-defined criteria (e.g., privileges, subnets, sandboxed environments, or roles). Satisfies: SRG-OS-000312-GPOS-00124, SRG-OS-000368-GPOS-00154, SRG-OS-000370-GPOS-00155
A18: UBTU-24-100510 | B18: V-270660 | C18: CAT II | D18: SRG-OS-000368-GPOS-00154 | E18: CCI-001764, CCI-002235, CCI-001774 | F18: Ubuntu 24.04 LTS must be configured to use AppArmor. | G18: Yes | H18: systemdunitproperty | I18: Build | J18: Arch ships apparmor but no profiles; port from Ubuntu apparmor-profiles | K18: Not started | O18: Verify Ubuntu 24.04 LTS AppArmor active with the following commands: $ systemctl is-active apparmor.service active If "active" is not returned, this is a finding. $ systemctl is-enabled apparmor.service enabled If "enabled" is not returned, this is a finding. | P18: Enable "apparmor" with the following command: $ sudo systemctl enable apparmor.service Start "apparmor" with the following command: $ sudo systemctl start apparmor.service Note: AppArmor must have properly configured profiles for applications and home directories. All configurations will be based on the actual system setup and organization and normally are on a per role basis. Refer to the AppArmor documentation for more information on configuring profiles. | Q18: Control of program execution is a mechanism used to prevent execution of unauthorized programs. Some operating systems may provide a capability that runs counter to the mission or provides users with functionality that exceeds mission requirements. This includes functions and services installed at Ubuntu 24.04 LTS-level. Some of the programs, installed by default, may be harmful or may not be necessary to support essential organizational operations (e.g., key missions, functions). Removal of executable programs is not always possible; therefore, establishing a method of preventing program execution is critical to maintaining a secure system baseline. Methods for complying with this requirement include restricting execution of programs in certain environments, while preventing execution in other environments; or limiting execution of certain program functionality based on organization-defined criteria (e.g., privileges, subnets, sandboxed environments, or roles). Satisfies: SRG-OS-000368-GPOS-00154, SRG-OS-000324-GPOS-00125, SRG-OS-000370-GPOS-00155
... A22: UBTU-24-100700 | B22: V-270664 | C22: CAT III | D22: SRG-OS-000480-GPOS-00227 | E22: CCI-000366 | F22: Ubuntu 24.04 LTS must have the "chrony" package installed. | G22: Yes | H22: dpkginfo | I22: Translate | J22: apt/dpkg → pacman -Q / pacman -Qkk / pacman.conf SigLevel | K22: Not started | O22: Verify the "chrony" package is installed using the following command: $ dpkg -l | grep chrony ii chrony 4.5-1ubuntu4.1 amd64 Versatile implementation of the Network Time Protocol If the "chrony" package is not installed, this is a finding. | P22: Install the "chrony" network time protocol package using the following command: $ sudo apt install -y chrony | Q22: Inaccurate time stamps make it more difficult to correlate events and can lead to an inaccurate analysis. Determining the correct time a particular event occurred on a system is critical when conducting forensic analysis and investigating system events. Sources outside the configured acceptable allowance (drift) may be inaccurate. Organizations must consider endpoints that may not have regular access to the authoritative time server (e.g., mobile, teleworking, and tactical endpoints).
A23: UBTU-24-100800 | B23: V-270665 | C23: CAT I | D23: SRG-OS-000423-GPOS-00187 | E23: CCI-002418, CCI-002420, CCI-002422 | F23: Ubuntu 24.04 LTS must have SSH installed. | G23: Yes | H23: dpkginfo | I23: Policy answer | J23: apt/dpkg → pacman -Q / pacman -Qkk / pacman.conf SigLevel | K23: Open finding (POA&M) | L23: pacman -Q openssh; systemctl is-enabled sshd.service | M23: Gov/mil preset: put openssh in the base repository and enable sshd only with a key already authorized. Public image: leave it out until omarchy-setup-security-sshd. | N23: Phase 2. Parent V-203748. openssh is not in install/omarchy-base.packages. omarchy-setup-security-sshd installs it and enables sshd. Ubuntu treats 'server package absent' as a finding. Omarchy treats that absence as the default. Those are opposite policies. The fork does not force the Ubuntu answer onto the public image. | O23: Verify the SSH package is installed with the following command: $ dpkg -l | grep openssh ii openssh-client 1:9.6p1-3ubuntu13.5 amd64 secure shell (SSH) client, for secure access to remote machines ii openssh-server 1:9.6p1-3ubuntu13.5 amd64 secure shell (SSH) server, for secure access from remote machines ii openssh-sftp-server 1:9.6p1-3ubuntu13.5 amd64 secure shell (SSH) sftp server module, for SFTP access from remote machines If the "openssh" server package is not installed, this is a finding. | P23: Install the "ssh" meta-package on the system with the following command: $ sudo apt install -y ssh | Q23: Without protection of the transmitted information, confidentiality and integrity may be compromised because unprotected communications can be intercepted and either read or altered. This requirement applies to both internal and external networks and all types of information system components from which information can be transmitted (e.g., servers, mobile devices, notebook computers, printers, copiers, scanners, and facsimile machines). Communication paths outside the physical protection of a controlled boundary are exposed to the possibility of interception and modification. Protecting the confidentiality and integrity of organizational information can be accomplished by physical means (e.g., employing physical distribution systems) or by logical means (e.g., employing cryptographic techniques). If physical means of protection are employed, then logical means (cryptography) do not have to be employed, and vice versa. Satisfies: SRG-OS-000423-GPOS-00187, SRG-OS-000425-GPOS-00189, SRG-OS-000426-GPOS-00190
A24: UBTU-24-100810 | B24: V-270666 | C24: CAT I | D24: SRG-OS-000423-GPOS-00187 | E24: CCI-002418, CCI-002420, CCI-002422 | F24: Ubuntu 24.04 LTS must use SSH to protect the confidentiality and integrity of transmitted information. | G24: Yes | H24: systemdunitproperty | I24: Policy answer | J24: Distro-agnostic; verify file paths on Arch | K24: Open finding (POA&M) | L24: systemctl is-enabled sshd.service; systemctl is-active sshd.service | M24: Do not enable sshd on the public image. A preset that enables it uses omarchy-setup-security-sshd, which refuses to turn off password logins until a key is authorized. | N24: Phase 2. Same parent as V-270665. install/config/enable-services.sh does not enable sshd. Heuristic As-is is rejected. Package mirrors are HTTPS, not SSH. Owning the repositories does not mean every flow must pass through sshd. | O24: Verify the "sshd.service" is enabled and active with the following commands: $ sudo systemctl is-enabled ssh enabled $ sudo systemctl is-active ssh active If "ssh.service" is not active or loaded, this is a finding. | P24: Enable the "ssh" service to start automatically on reboot with the following command: $ sudo systemctl enable ssh.service ensure the "ssh" service is running $ sudo systemctl start ssh.service | Q24: Without protection of the transmitted information, confidentiality and integrity may be compromised because unprotected communications can be intercepted and either read or altered. This requirement applies to both internal and external networks and all types of information system components from which information can be transmitted (e.g., servers, mobile devices, notebook computers, printers, copiers, scanners, and facsimile machines). Communication paths outside the physical protection of a controlled boundary are exposed to the possibility of interception and modification. Protecting the confidentiality and integrity of organizational information can be accomplished by physical means (e.g., employing physical distribution systems) or by logical means (e.g., employing cryptographic techniques). If physical means of protection are employed, then logical means (cryptography) do not have to be employed, and vice versa. Satisfies: SRG-OS-000423-GPOS-00187, SRG-OS-000425-GPOS-00189, SRG-OS-000426-GPOS-00190
A25: UBTU-24-100820 | B25: V-270667 | C25: CAT II | D25: SRG-OS-000033-GPOS-00014 | E25: CCI-000068, CCI-003123, CCI-002421 | F25: Ubuntu 24.04 LTS must configure the SSH daemon to use FIPS 140-3 approved ciphers to prevent the unauthorized disclosure of information and/or detect changes to information during transmission. | G25: Yes | H25: textfilecontent54 | I25: Build | J25: No CMVP-validated module for Arch — decide FIPS lane first | K25: In progress | N25: Phase 1. Parent SRG-OS-000033-GPOS-00014 (GPOS V-203603) is partial. This rule requires FIPS 140-3 SSH ciphers. Omarchy does not pin them. An Omarchy-owned kernel and base repository would make a later FIPS preset possible. That preset is not the public image. Open finding when the check is written. Heuristic Build is the right kind of work, not a default change. | O25: Verify that the SSH daemon is configured to implement only FIPS-approved algorithms with the following command: $ sudo grep -r 'Ciphers' /etc/ssh/sshd_config* Ciphers aes256-gcm@openssh.com,aes128-gcm@openssh.com,aes256-ctr,aes128-ctr If any ciphers other than "Ciphers aes256-gcm@openssh.com,aes128-gcm@openssh.com,aes256-ctr,aes128-ctr" are listed, the "Ciphers" keyword is missing, or the returned line is commented out, or if multiple conflicting ciphers are returned, this is a finding. | P25: Configure Ubuntu 24.04 LTS to allow the SSH daemon to only implement FIPS-approved algorithms. Add the following line (or modify the line to have the required value) to the "/etc/ssh/sshd_config" file (this file may be named differently or be in a different location if using a version of SSH that is provided by a third-party vendor): Ciphers aes256-gcm@openssh.com,aes128-gcm@openssh.com,aes256-ctr,aes128-ctr Restart the "sshd" service for changes to take effect: $ sudo systemctl restart sshd | Q25: Without cryptographic integrity protections, information can be altered by unauthorized users without detection. Remote access (e.g., RDP) is access to DOD nonpublic information systems by an authorized user (or an information system) communicating through an external, nonorganization-controlled network. Remote access methods include, for example, dial-up, broadband, and wireless. Nonlocal maintenance and diagnostic activities are those activities conducted by individuals communicating through a network, either an external network (e.g., the internet) or an internal network. Local maintenance and diagnostic activities are those activities carried out by individuals physically present at the information system or information system component and not communicating across a network connection. Encrypting information for transmission protects information from unauthorized disclosure and modification. Cryptographic mechanisms implemented to protect information integrity include, for example, cryptographic hash functions that have common application in digital signatures, checksums, and message authentication codes. Satisfies: SRG-OS-000033-GPOS-00014, SRG-OS-000394-GPOS-00174, SRG-OS-000424-GPOS-00188
A26: UBTU-24-100830 | B26: V-270668 | C26: CAT II | D26: SRG-OS-000250-GPOS-00093 | E26: CCI-001453, CCI-002890, CCI-002421 | F26: Ubuntu 24.04 LTS must configure the SSH daemon to use Message Authentication Codes (MACs) employing FIPS 140-3 approved cryptographic hashes to prevent the unauthorized disclosure of information and/or detect changes to information during transmission. | G26: Yes | H26: textfilecontent54 | I26: Build | J26: No CMVP-validated module for Arch — decide FIPS lane first | K26: In progress | N26: Phase 1. Parent SRG-OS-000250-GPOS-00093 (GPOS V-203669) is partial. FIPS MAC policy for sshd. Not pinned today. Forking the base repository does not by itself select those MACs. Open finding for the public image. | O26: Verify the SSH daemon is configured to only use MACs that employ FIPS 140-3 approved ciphers with the following command: $ grep -irs macs /etc/ssh/sshd_config* MACs hmac-sha2-512-etm@openssh.com,hmac-sha2-256-etm@openssh.com,hmac-sha2-512,hmac-sha2-256 If any algorithms other than "hmac-sha2-512-etm@openssh.com,hmac-sha2-256-etm@openssh.com,hmac-sha2-512,hmac-sha2-256" are listed, the returned line is commented out, or if conflicting results are returned, this is a finding. | P26: Configure Ubuntu 24.04 LTS to allow the SSH daemon to only use MACs that employ FIPS 140-3 approved ciphers. Add the following line (or modify the line to have the required value) to the "/etc/ssh/sshd_config" file (this file may be named differently or be in a different location if using a version of SSH that is provided by a third-party vendor): MACs hmac-sha2-512-etm@openssh.com,hmac-sha2-256-etm@openssh.com,hmac-sha2-512,hmac-sha2-256 Restart the "sshd" service for changes to take effect: $ sudo systemctl restart sshd | Q26: Without cryptographic integrity protections, information can be altered by unauthorized users without detection. Remote access (e.g., RDP) is access to DOD nonpublic information systems by an authorized user (or an information system) communicating through an external, nonorganization-controlled network. Remote access methods include, for example, dial-up, broadband, and wireless. Nonlocal maintenance and diagnostic activities are those activities conducted by individuals communicating through a network, either an external network (e.g., the internet) or an internal network. Local maintenance and diagnostic activities are those activities carried out by individuals physically present at the information system or information system component and not communicating across a network connection. Encrypting information for transmission protects information from unauthorized disclosure and modification. Cryptographic mechanisms implemented to protect information integrity include, for example, cryptographic hash functions that have common application in digital signatures, checksums, and message authentication codes. Satisfies: SRG-OS-000250-GPOS-00093, SRG-OS-000393-GPOS-00173, SRG-OS-000424-GPOS-00188
A27: UBTU-24-100840 | B27: V-270669 | C27: CAT II | D27: SRG-OS-000033-GPOS-00014 | E27: CCI-000068 | F27: Ubuntu 24.04 LTS SSH server must be configured to use only FIPS 140-3 validated key exchange algorithms. | G27: Yes | H27: textfilecontent54 | I27: Build | J27: No CMVP-validated module for Arch — decide FIPS lane first | K27: In progress | N27: Phase 1. Same parent as V-270667 (GPOS V-203603). FIPS 140-3 key exchange on the SSH server. Same conclusion: not the public default. Owning the base repository is what would let a preset pin algorithms. Open finding when the check is written. | O27: Verify that the SSH daemon is configured to use only FIPS-validated key exchange algorithms with the following command: $ sudo grep -ir kexalgorithms /etc/ssh/sshd_config* KexAlgorithms ecdh-sha2-nistp521,ecdh-sha2-nistp384,ecdh-sha2-nistp256,diffie-hellman-group-exchange-sha256,diffie-hellman-group16-sha512,diffie-hellman-group14-sha256 If "KexAlgorithms" does not contain only the algorithms "ecdh-sha2-nistp521,ecdh-sha2-nistp384,ecdh-sha2-nistp256,diffie-hellman-group-exchange-sha256,diffie-hellman-group16-sha512,diffie-hellman-group14-sha256", is commented out, or is missing, this is a finding. | P27: Configure the SSH daemon to use only FIPS-validated key exchange algorithms by adding or modifying the following line in "/etc/ssh/sshd_config": KexAlgorithms ecdh-sha2-nistp521,ecdh-sha2-nistp384,ecdh-sha2-nistp256,diffie-hellman-group-exchange-sha256,diffie-hellman-group16-sha512,diffie-hellman-group14-sha256 Restart the "sshd" service for changes to take effect: $ sudo systemctl restart sshd | Q27: Without cryptographic integrity protections provided by FIPS-validated cryptographic algorithms, information can be viewed and altered by unauthorized users without detection. The system will attempt to use the first algorithm presented by the client that matches the server list.
A28: UBTU-24-100850 | B28: V-270670 | C28: CAT II | D28: SRG-OS-000250-GPOS-00093 | E28: CCI-001453 | F28: Ubuntu 24.04 LTS must configure the SSH client to use FIPS 140-3 approved ciphers to prevent the unauthorized disclosure of information and/or detect changes to information during transmission. | G28: Yes | H28: textfilecontent54 | I28: Build | J28: No CMVP-validated module for Arch — decide FIPS lane first | K28: In progress | N28: Phase 1. Same parent as V-270668 (GPOS V-203669). FIPS ciphers for the SSH client. Same conclusion as the sshd cipher rules. | O28: Verify the SSH client is configured to use only ciphers employing FIPS 140-3 approved algorithms with the following command: $ sudo grep -r 'Ciphers' /etc/ssh/ssh_config* Ciphers aes256-gcm@openssh.com,aes128-gcm@openssh.com,aes256-ctr,aes128-ctr If any ciphers other than "Ciphers aes256-gcm@openssh.com,aes128-gcm@openssh.com,aes256-ctr,aes128-ctr" are listed, the "Ciphers" keyword is missing, or the returned line is commented out, or if multiple conflicting ciphers are returned, this is a finding. | P28: Configure the Ubuntu 24.04 LTS SSH client to use only ciphers employing FIPS 140-3 approved algorithms by updating the "/etc/ssh/ssh_config" file with the following line: Ciphers aes256-gcm@openssh.com,aes128-gcm@openssh.com,aes256-ctr,aes128-ctr Restart the "ssh" service for changes to take effect: $ sudo systemctl restart ssh | Q28: Without cryptographic integrity protections, information can be altered by unauthorized users without detection. Remote access (e.g., RDP) is access to DOD nonpublic information systems by an authorized user (or an information system) communicating through an external, nonorganization-controlled network. Remote access methods include, for example, dial-up, broadband, and wireless. Nonlocal maintenance and diagnostic activities are those activities conducted by individuals communicating through a network, either an external network (e.g., the internet) or an internal network. Local maintenance and diagnostic activities are those activities carried out by individuals physically present at the information system or information system component and not communicating across a network connection. Encrypting information for transmission protects information from unauthorized disclosure and modification. Cryptographic mechanisms implemented to protect information integrity include, for example, cryptographic hash functions that have common application in digital signatures, checksums, and message authentication codes. By specifying a cipher list with the order of ciphers being in a "strongest to weakest" orientation, the system will automatically attempt to use the strongest cipher for securing SSH connections.
A29: UBTU-24-100860 | B29: V-270671 | C29: CAT II | D29: SRG-OS-000250-GPOS-00093 | E29: CCI-001453 | F29: Ubuntu 24.04 LTS SSH client must be configured to use only Message Authentication Codes (MACs) employing FIPS 140-3 validated cryptographic hash algorithms. | G29: Yes | H29: textfilecontent54 | I29: Build | J29: No CMVP-validated module for Arch — decide FIPS lane first | K29: In progress | N29: Phase 1. Same parent as V-270668 (GPOS V-203669). FIPS MACs for the SSH client. Same conclusion. | O29: Verify the SSH client is configured to only use MACs employing FIPS 140-3 approved algorithms with the following command: $ sudo grep -ir macs /etc/ssh/ssh_config* MACs hmac-sha2-512-etm@openssh.com,hmac-sha2-256-etm@openssh.com,hmac-sha2-512,hmac-sha2-256 If any MACs other than "hmac-sha2-512-etm@openssh.com,hmac-sha2-256-etm@openssh.com,hmac-sha2-512,hmac-sha2-256" are listed, or the returned line is commented out, this is a finding. | P29: Configure the Ubuntu 24.04 LTS SSH client to use only MACs employing FIPS 140-3 approved algorithms by updating the "/etc/ssh/ssh_config" file with the following line: MACs hmac-sha2-512-etm@openssh.com,hmac-sha2-256-etm@openssh.com,hmac-sha2-512,hmac-sha2-256 Restart the "ssh" service for changes to take effect: $ sudo systemctl restart ssh | Q29: Without cryptographic integrity protections, information can be altered by unauthorized users without detection. Remote access (e.g., RDP) is access to DOD nonpublic information systems by an authorized user (or an information system) communicating through an external, nonorganization-controlled network. Remote access methods include, for example, dial-up, broadband, and wireless. Nonlocal maintenance and diagnostic activities are those activities conducted by individuals communicating through a network, either an external network (e.g., the internet) or an internal network. Local maintenance and diagnostic activities are those activities carried out by individuals physically present at the information system or information system component and not communicating across a network connection. Encrypting information for transmission protects information from unauthorized disclosure and modification. Cryptographic mechanisms implemented to protect information integrity include, for example, cryptographic hash functions that have common application in digital signatures, checksums, and message authentication codes.
A30: UBTU-24-100900 | B30: V-270672 | C30: CAT II | D30: SRG-OS-000376-GPOS-00161 | E30: CCI-001953 | F30: Ubuntu 24.04 LTS must accept Personal Identity Verification (PIV) credentials. | G30: Yes | H30: dpkginfo | I30: Translate | J30: apt/dpkg → pacman -Q / pacman -Qkk / pacman.conf SigLevel | K30: Not started | O30: Verify the "opensc-pcks11" package is installed on the system with the following command: $ dpkg -l | grep opensc-pkcs11 ii opensc-pkcs11:amd64 0.25.0~rc1-1build2 amd64 Smart card utilities with support for PKCS#15 compatible cards If the "opensc-pcks11" package is not installed, this is a finding. | P30: Configure Ubuntu 24.04 LTS to accept PIV credentials. Install the "opensc-pkcs11" package using the following command: $ sudo apt install -y opensc-pkcs11 | Q30: The use of PIV credentials facilitates standardization and reduces the risk of unauthorized access. DOD has mandated the use of the common access card (CAC) to support identity management and personal authentication for systems covered under Homeland Security Presidential Directive (HSPD) 12, as well as making the CAC a primary component of layered protection for national security systems.
A31: UBTU-24-100910 | B31: V-270673 | C31: CAT II | D31: SRG-OS-000376-GPOS-00161 | E31: CCI-001953 | F31: Ubuntu 24.04 LTS must accept Personal Identity Verification (PIV) credentials managed through the Privileged Access Management (PAM) framework. | G31: Yes | H31: dpkginfo | I31: Translate | J31: apt/dpkg → pacman -Q / pacman -Qkk / pacman.conf SigLevel | K31: Not started | O31: Verify the "libpam-pcks11" package is installed on the system with the following command: $ dpkg -l | grep libpam-pkcs11 ii libpam-pkcs11 0.6.12-2build3 amd64 Fully featured PAM module for using PKCS#11 smart cards If the "libpam-pcks11" package is not installed, this is a finding. | P31: Configure Ubuntu 24.04 LTS to accept PIV credentials that are managed through the PAM framework. Install the "libpam-pkcs11" package using the following command: $ sudo apt install -y libpam-pkcs11 | Q31: The use of PIV credentials facilitates standardization and reduces the risk of unauthorized access. DOD has mandated the use of the common access card (CAC) to support identity management and personal authentication for systems covered under Homeland Security Presidential Directive (HSPD) 12, as well as making the CAC a primary component of layered protection for national security systems.
A32: UBTU-24-101000 | B32: V-270674 | C32: CAT II | D32: SRG-OS-000031-GPOS-00012 | E32: CCI-000060, CCI-000057 | F32: Ubuntu 24.04 LTS must allow users to directly initiate a session lock for all connection types. | G32: Yes | H32: dpkginfo | I32: Translate | J32: apt/dpkg → pacman -Q / pacman -Qkk / pacman.conf SigLevel | K32: Not started | O32: Verify Ubuntu 24.04 LTS has the "vlock" package installed with the following command: $ dpkg -l | grep vlock ii vlock 2.2.2-10 amd64 Virtual Console locking program If "vlock" is not installed, this is a finding. | P32: Install the "vlock" package (if it is not already installed) by running the following command: $ sudo apt install -y vlock | Q32: A session lock is a temporary action taken when a user stops work and moves away from the immediate physical vicinity of the information system but does not want to log out because of the temporary nature of the absence. The session lock is implemented at the point where session activity can be determined. Rather than be forced to wait for a period of time to expire before the user session can be locked, Ubuntu 24.04 LTSs need to provide users with the ability to manually invoke a session lock so users may secure their session if they need to temporarily vacate the immediate physical vicinity. Satisfies: SRG-OS-000031-GPOS-00012, SRG-OS-000030-GPOS-00011
A33: UBTU-24-102000 | B33: V-270675 | C33: CAT I | D33: SRG-OS-000080-GPOS-00048 | E33: CCI-000213 | F33: Ubuntu 24.04 LTS when booted must require authentication upon booting into single-user and maintenance modes. | G33: Yes | H33: textfilecontent54 | I33: Build | J33: Verify path/package name on Arch | K33: Open finding (POA&M) | L33: test ! -f /boot/grub/grub.cfg; bootctl is not the bootloader; look for a Limine supervisor password in the Limine config shipped by the installer | M33: Gov/mil preset: set a Limine supervisor password and keep rescue from opening a root shell without it. Public image: no bootloader password. | N33: Phase 2. Parent SRG-OS-000080-GPOS-00048. The Ubuntu check reads password_pbkdf2 from grub.cfg. Omarchy boots with Limine, not GRUB, and the repo sets no Limine password. Heuristic As-is is rejected. Owning the kernel does not add this; the installer image does. | O33: Verify Ubuntu 24.04 LTS requires a password for authentication upon booting into single-user and maintenance modes with the following command: $ sudo grep -i password /boot/grub/grub.cfg password_pbkdf2 root grub.pbkdf2.sha512.10000.MFU48934NJA87HF8NSD34493GDHF84NG If the root password entry does not begin with "password_pbkdf2", this is a finding. | P33: Configure the system to require a password for authentication upon booting into single-user and maintenance modes. Generate an encrypted (grub) password for root with the following command: $ grub-mkpasswd-pbkdf2 Enter Password: Reenter Password: PBKDF2 hash of your password is grub.pbkdf2.sha512.10000.MFU48934NJD84NF8NSD39993JDHF84NG Using the hash from the output, modify the "/etc/grub.d/40_custom" file with the following command to add a boot password: $ sudo sed -i '$i set superusers=\"root\"\npassword_pbkdf2 root <hash>' /etc/grub.d/40_custom where <hash> is the hash generated by grub-mkpasswd-pbkdf2 command. Generate an updated "grub.conf" file with the new password by using the following command: $ sudo update-grub | Q33: To mitigate the risk of unauthorized access to sensitive information by entities that have been issued certificates by DOD-approved PKIs, all DOD systems (e.g., web servers and web portals) must be properly configured to incorporate access control methods that do not rely solely on the possession of a certificate for access. Successful authentication must not automatically give an entity access to an asset or security boundary. Authorization procedures and controls must be implemented to ensure each authenticated entity also has a validated and current authorization. Authorization is the process of determining whether an entity, once authenticated, is permitted to access a specific asset. Information systems use access control policies and enforcement mechanisms to implement this requirement. Access control policies include identity-based policies, role-based policies, and attribute-based policies. Access enforcement mechanisms include access control lists, access control matrices, and cryptography. These policies and mechanisms must be employed by the application to control access between users (or processes acting on behalf of users) and objects (e.g., devices, files, records, processes, programs, and domains) in the information system.
A34: UBTU-24-102010 | B34: V-270676 | C34: CAT II | D34: SRG-OS-000254-GPOS-00095 | E34: CCI-001464 | F34: Ubuntu 24.04 LTS must initiate session audits at system startup. | G34: Yes | H34: textfilecontent54 | I34: As-is | J34: Distro-agnostic; verify file paths on Arch | K34: Not started | O34: Verify Ubuntu 24.04 LTS enables auditing at system startup in GRUB. Check the main GRUB defaults to ensure that auditing is enabled: $ sudo grep -ir GRUB_CMDLINE_LINUX /etc/default/grub /etc/default/grub:GRUB_CMDLINE_LINUX_DEFAULT="audit=1" /etc/default/grub:GRUB_CMDLINE_LINUX="audit=1" If any linux lines do not contain "audit=1", this is a finding. Check the generated GRUB configuration to ensure that the setting is propagated to the bootloader: $ sudo grep "^\s*linux" /boot/grub/grub.cfg linux /vmlinuz-6.8.0-31-generic root=UUID=c92a542f-aee4-4af9-94b2-203624ccb8e3 ro audit=1 quiet splash $vt_handoff linux /vmlinuz-6.8.0-31-generic root=UUID=c92a542f-aee4-4af9-94b2-203624ccb8e3 ro recovery nomodeset dis_ucode_ldr audit=1 If any linux lines do not contain "audit=1", this is a finding. Note: Output details may vary by system. | P34: Configure Ubuntu 24.04 LTS to produce audit records at system startup. Edit the "/etc/default/grub" file and add "audit=1" to the "GRUB_CMDLINE_LINUX" option and to the "GRUB_CMDLINE_LINUX_DEFAULT" option. GRUB_CMDLINE_LINUX_DEFAULT="audit=1" GRUB_CMDLINE_LINUX="audit=1" To update the grub config file, run: $ sudo update-grub | Q34: If auditing is enabled late in the startup process, the actions of some startup processes may not be audited. Some audit systems also maintain state information only available if auditing is enabled before a given process is created.
A35: UBTU-24-200000 | B35: V-270677 | C35: CAT III | D35: SRG-OS-000027-GPOS-00008 | E35: CCI-000054 | F35: Ubuntu 24.04 LTS must limit the number of concurrent sessions to 10 for all accounts and/or account types. | G35: Yes | H35: textfilecontent54 | I35: As-is | J35: Verify path/package name on Arch | K35: Not started | O35: Verify Ubuntu 24.04 LTS limits the number of concurrent sessions to 10 for all accounts and/or account types with the following command: $ grep -r maxlogins /etc/security/limits.conf /etc/security/limits.d/*.conf /etc/security/limits.d/maxlogins.conf:* hard maxlogins 10 If the "maxlogins" item does not have a value of "10" or less, is commented out, or is missing, this is a finding. | P35: Configure Ubuntu 24.04 LTS to limit the number of concurrent sessions to 10 for all accounts and/or account types. Add the following line to the top of the /etc/security/limits.conf or in a ".conf" file defined in /etc/security/limits.d/: * hard maxlogins 10 | Q35: Ubuntu 24.04 LTS management includes the ability to control the number of users and user sessions that utilize an operating system. Limiting the number of allowed users and sessions per user is helpful in reducing the risks related to denial-of-service (DoS) attacks. This requirement addresses concurrent sessions for information system accounts and does not address concurrent sessions by single users via multiple system accounts. The maximum number of concurrent sessions must be defined based upon mission needs and the operational environment for each system.
A36: UBTU-24-200020 | B36: V-270678 | C36: CAT II | D36: SRG-OS-000029-GPOS-00010 | E36: CCI-000057 | F36: Ubuntu 24.04 LTS must initiate a graphical session lock after 10 minutes of inactivity. | G36: No (manual) | H36: — | I36: Review: desktop | J36: Assumes GNOME/GDM; needs Hyprland/greetd equivalent or N/A for server role | K36: In progress | N36: Phase 1. Parent SRG-OS-000029-GPOS-00010 (GPOS V-203599) is partial. Ubuntu asks for a 10-minute graphical lock. The parent requirement is 15 minutes. Packaged Omarchy shell.json idle.lock is 300 seconds. A corporate preset can set 900. Owning the kernel or the repositories does not change the timer. Heuristic Review: desktop is right. | O36: Note: If Ubuntu 24.04 LTS does not have a graphical user interface installed, this requirement is not applicable. Verify the Ubuntu operation system has a graphical user interface session lock configured to activate after 10 minutes of inactivity with the following commands: Set the following settings to verify the graphical user interface session is configured to lock the graphical user session after 10 minutes of inactivity: **$ gsettings get org.gnome.desktop.screensaver lock-enabled true $ gsettings get org.gnome.desktop.screensaver lock-delay uint32 0 $ gsettings get org.gnome.desktop.session idle-delay uint32 600 Note: If "lock-enabled" is not set to "true", this is a finding. If "lock-delay" is set to a value greater than "0", or if "idle-delay" is set to a value greater than "600", or either settings are missing, this is a finding. | P36: Configure Ubuntu 24.04 LTS to lock the current graphical user interface session after 10 minutes of inactivity. Create or edit a file named /etc/dconf/db/local.d/00-screensaver with the following contents: [org/gnome/desktop/session] idle-delay=uint32 900 [org/gnome/desktop/screensaver] lock-enabled=true lock-delay=uint32 600 Update the dconf settings: $ sudo dconf update | Q36: A session lock is a temporary action taken when a user stops work and moves away from the immediate physical vicinity of the information system but does not want to log out because of the temporary nature of the absence. The session lock is implemented at the point where session activity can be determined. Regardless of where the session lock is determined and implemented, once invoked, a session lock of Ubuntu 24.04 LTS must remain in place until the user reauthenticates. No other activity aside from reauthentication must unlock the system.
A37: UBTU-24-200040 | B37: V-270679 | C37: CAT II | D37: SRG-OS-000028-GPOS-00009 | E37: CCI-000056 | F37: Ubuntu 24.04 LTS must prevent a user from overriding the disabling of the graphical user interface automount function. | G37: No (manual) | H37: — | I37: Review: desktop | J37: Assumes GNOME/GDM; needs Hyprland/greetd equivalent or N/A for server role | K37: Not started | O37: Note: This requirement assumes the use of the Ubuntu 24.04 LTS default graphical user interface, the GNOME desktop environment. If the system does not have any graphical user interface installed, this requirement is Not Applicable. Verify Ubuntu 24.04 LTS disables the ability of the user to override the graphical user interface automount setting. Determine which profile the system database is using with the following command: $ sudo grep system-db /etc/dconf/profile/user system-db:local Check that the automount setting is locked from nonprivileged user modification with the following command: Note: The example below is using the database "local" for the system, so the path is "/etc/dconf/db/local.d". This path must be modified if a database other than "local" is being used. $ grep 'automount-open' /etc/dconf/db/local.d/locks/* /org/gnome/desktop/media-handling/automount-open If the command does not return at least the example result, this is a finding. | P37: Configure Ubuntu 24.04 LTS so the GNOME desktop does not allow a user to change the setting that disables automated mounting of removable media. Add the following line to "/etc/dconf/db/local.d/locks/00-security-settings-lock" to prevent user modification: /org/gnome/desktop/media-handling/automount-open Update the dconf system databases: $ sudo dconf update | Q37: A nonprivileged account is any operating system account with authorizations of a nonprivileged user. Satisfies: SRG-OS-000114-GPOS-00059, SRG-OS-000378-GPOS-00163, SRG-OS-000480-GPOS-00227
A38: UBTU-24-200041 | B38: V-274872 | C38: CAT II | D38: SRG-OS-000114-GPOS-00059 | E38: CCI-000778, CCI-001958 | F38: Ubuntu 24.04 LTS must prevent a user from overriding the disabling of the graphical user interface autorun function. | G38: No (manual) | H38: — | I38: Review: desktop | J38: Assumes GNOME/GDM; needs Hyprland/greetd equivalent or N/A for server role | K38: Not started | O38: Note: This requirement assumes the use of the Ubuntu 24.04 LTS default graphical user interface, the GNOME desktop environment. If the system does not have any graphical user interface installed, this requirement is Not Applicable. Verify Ubuntu 24.04 LTS disables ability of the user to override the graphical user interface autorun setting. Determine which profile the system database is using with the following command: $ gsettings writable org.gnome.desktop.media-handling autorun-never false If "autorun-never" is writable, the result is "true". If this is not documented with the information system security officer (ISSO) as an operational requirement, this is a finding. | P38: Configure the Ubuntu 24.04 LTS GNOME desktop to not allow a user to change the setting that disables autorun on removable media. Add the following line to "/etc/dconf/db/local.d/locks/00-security-settings-lock" to prevent user modification: /org/gnome/desktop/media-handling/autorun-never Update the dconf system databases: $ sudo dconf update | Q38: Techniques used to address this include protocols using nonces (e.g., numbers generated for a specific one-time use) or challenges (e.g., TLS, WS_Security). Additional techniques include time-synchronous or challenge-response one-time authenticators. Satisfies: SRG-OS-000114-GPOS-00059, SRG-OS-000378-GPOS-00163, SRG-OS-000480-GPOS-00227
A39: UBTU-24-200042 | B39: V-274873 | C39: CAT II | D39: SRG-OS-000028-GPOS-00009 | E39: CCI-000056, CCI-000057, CCI-000058 | F39: Ubuntu 24.04 LTS must prevent a user from overriding the disabling of the graphical user smart card removal action. | G39: No (manual) | H39: — | I39: Review: desktop | J39: Assumes GNOME/GDM; needs Hyprland/greetd equivalent or N/A for server role | K39: Not started | O39: Note: This requirement assumes the use of the Ubuntu 24.04 LTS default graphical user interface, the GNOME desktop environment. If the system does not have any graphical user interface installed, this requirement is Not Applicable. Verify Ubuntu 24.04 LTS disables the ability of the user to override the smart card removal action setting. $ gsettings writable org.gnome.settings-daemon.peripherals.smartcard removal-action false If "removal-action" is writable and the result is "true", this is a finding. | P39: Configure Ubuntu 24.04 LTS to prevent a user from overriding the disabling of the graphical user smart card removal action. Add the following line to "/etc/dconf/db/local.d/locks/00-security-settings-lock": /org/gnome/settings-daemon/peripherals/smartcard/removal-action Update the dconf system databases: $ sudo dconf update | Q39: A session lock is a temporary action taken when a user stops work and moves away from the immediate physical vicinity of the information system but does not want to log out because of the temporary nature of the absence. The session lock is implemented at the point where session activity can be determined. Rather than be forced to wait for a period of time to expire before the user session can be locked, Ubuntu 24.04 LTS must provide users with the ability to manually invoke a session lock so users can secure their session if it is necessary to temporarily vacate the immediate physical vicinity. Satisfies: SRG-OS-000028-GPOS-00009, SRG-OS-000030-GPOS-00011
A40: UBTU-24-200043 | B40: V-274871 | C40: CAT II | D40: SRG-OS-000031-GPOS-00012 | E40: CCI-000060 | F40: Ubuntu 24.04 LTS must conceal, via the session lock, information previously visible on the display with a publicly viewable image. | G40: No (manual) | H40: — | I40: As-is | J40: Verify path/package name on Arch | K40: Not started | O40: Note: This requirement assumes the use of the Ubuntu 24.04 LTS default graphical user interface, the GNOME desktop environment. If the system does not have any graphical user interface installed, this requirement is Not Applicable. To verify the screensaver is configured to be blank, run the following command: $ gsettings writable org.gnome.desktop.screensaver picture-uri false If "picture-uri" is writable and the result is "true", this is a finding. | P40: Configure Ubuntu 24.04 LTS to prevent a user from overriding the picture-uri setting for graphical user interfaces. In the file "/etc/dconf/db/local.d/00-security-settings", add or update the following lines: [org/gnome/desktop/screensaver] picture-uri='' Prevent user modification by adding the following line to "/etc/dconf/db/local.d/locks/00-security-settings-lock": /org/gnome/desktop/screensaver/picture-uri Update the dconf system databases: $ sudo dconf update | Q40: Setting the screensaver mode to blank-only conceals the contents of the display from passersby.
A41: UBTU-24-200060 | B41: V-270680 | C41: CAT II | D41: SRG-OS-000279-GPOS-00109 | E41: CCI-002361 | F41: Ubuntu 24.04 LTS must automatically terminate a user session after inactivity timeouts have expired. | G41: Yes | H41: textfilecontent54 | I41: As-is | J41: Verify path/package name on Arch | K41: Not started | O41: Verify Ubuntu 24.04 LTS automatically terminates a user session after inactivity timeouts have expired with the following command: $ sudo grep -E "\bTMOUT=[0-9]+" /etc/bash.bashrc /etc/profile.d/* /etc/profile.d/99-terminal_tmout.sh:TMOUT=600 If "TMOUT" is not set, or if the value is "0" or is commented out, this is a finding. | P41: Configure Ubuntu 24.04 LTS to automatically terminate a user session after inactivity timeouts have expired or at shutdown. Create the file "/etc/profile.d/99-terminal_tmout.sh" file if it does not exist. Modify or append the following line in the "/etc/profile.d/99-terminal_tmout.sh " file: TMOUT=600 This will set a timeout value of 10 minutes for all future sessions. To set the timeout for the current sessions, execute the following command over the terminal session: $ export TMOUT=600 | Q41: Automatic session termination addresses the termination of user-initiated logical sessions in contrast to the termination of network connections associated with communications sessions (i.e., network disconnect). A logical session (for local, network, and remote access) is initiated whenever a user (or process acting on behalf of a user) accesses an organizational information system. Such user sessions can be terminated (and thus terminate user access) without terminating network sessions. Session termination terminates all processes associated with a user's logical session except those processes specifically created by the user (i.e., session owner) to continue after the session is terminated. Conditions or trigger events requiring automatic session termination can include, for example, organization-defined periods of user inactivity, targeted responses to certain types of incidents, and time-of-day restrictions on information system use. This capability is typically reserved for specific operating system functionality where the system owner, data owner, or organization requires additional assurance.
A42: UBTU-24-200090 | B42: V-270681 | C42: CAT II | D42: SRG-OS-000032-GPOS-00013 | E42: CCI-000067 | F42: Ubuntu 24.04 LTS must monitor remote access methods. | G42: Yes | H42: textfilecontent54 | I42: As-is | J42: Distro-agnostic; verify file paths on Arch | K42: Not started | O42: Verify that Ubuntu 24.04 LTS monitors all remote access methods with the following command: $ grep -E -r '^(auth,authpriv\.\*|daemon\.\*)' /etc/rsyslog.* /etc/rsyslog.d/50-default.conf:auth,authpriv.* /var/log/auth.log If "auth.*", "authpriv.*", or "daemon.*" are not configured to be logged in at least one of the config files, this is a finding. | P42: Configure Ubuntu 24.04 LTS to monitor all remote access methods by adding the following lines to the "/etc/rsyslog.d/50-default.conf" file: auth.*,authpriv.* /var/log/secure daemon.* /var/log/messages For the changes to take effect, restart the "rsyslog" service with the following command: $ sudo systemctl restart rsyslog.service | Q42: Remote access services, such as those providing remote access to network devices and information systems, which lack automated monitoring capabilities, increase risk, and make remote user access management difficult at best. Remote access is access to DOD nonpublic information systems by an authorized user (or an information system) communicating through an external, nonorganization-controlled network. Remote access methods include, for example, dial-up, broadband, and wireless. Automated monitoring of remote access sessions allows organizations to detect cyberattacks and also ensure ongoing compliance with remote access policies by auditing connection activities of remote access capabilities, such as Remote Desktop Protocol (RDP), on a variety of information system components (e.g., servers, workstations, notebook computers, smartphones, and tablets).
A43: UBTU-24-200250 | B43: V-270682 | C43: CAT II | D43: SRG-OS-000002-GPOS-00002 | E43: CCI-000016, CCI-001682 | F43: Ubuntu 24.04 LTS must automatically remove or disable emergency accounts after 72 hours. | G43: No (manual) | H43: — | I43: As-is | J43: Verify path/package name on Arch | K43: Not started | O43: Verify temporary accounts have been provisioned with an expiration date of 72 hours with the following command: $ sudo chage -l <temporary_account_name> | grep -i "account expires" Verify each of these accounts has an expiration date set within 72 hours. If any temporary accounts have no expiration date set or do not expire within 72 hours, this is a finding. | P43: Configure Ubuntu 24.04 LTS to expire temporary accounts after 72 hours with the following command: $ sudo chage -E $(date -d +3days +%Y-%m-%d) <temporary_account_name> | Q43: Temporary accounts are privileged or nonprivileged accounts established during pressing circumstances, such as new software or hardware configuration or an incident response, where the need for prompt account activation requires bypassing normal account authorization procedures. If any inactive temporary accounts are left enabled on the system and are not either manually removed or automatically expired within 72 hours, the security posture of the system will be degraded and exposed to exploitation by unauthorized users or insider threat actors. Temporary accounts are different from emergency accounts. Emergency accounts, also known as "last resort" or "break glass" accounts, are local logon accounts enabled on the system for emergency use by authorized system administrators to manage a system when standard logon methods are failing or not available. Emergency accounts are not subject to manual removal or scheduled expiration requirements. The automatic expiration of temporary accounts may be extended as needed by the circumstances but it must not be extended indefinitely. A documented permanent account must be established for privileged users who need long-term maintenance accounts. Satisfies: SRG-OS-000002-GPOS-00002, SRG-OS-000123-GPOS-00064
A44: UBTU-24-200260 | B44: V-270683 | C44: CAT II | D44: SRG-OS-000118-GPOS-00060 | E44: CCI-003627, CCI-003628 | F44: Ubuntu 24.04 LTS must disable account identifiers (individuals, groups, roles, and devices) after 35 days of inactivity. | G44: Yes | H44: textfilecontent54 | I44: As-is | J44: Verify path/package name on Arch | K44: Not started | O44: Verify the account identifiers (individuals, groups, roles, and devices) are disabled after 35 days of inactivity with the following command: Check the account inactivity value by performing the following command: $ grep INACTIVE /etc/default/useradd INACTIVE=35 If "INACTIVE" is not set to a value 0<[VALUE]<=35, is commented out, or is missing, this is a finding. | P44: Configure Ubuntu 24.04 LTS to disable account identifiers after 35 days of inactivity after the password expiration. Run the following command to change the configuration for adduser: $ sudo useradd -D -f 35 Note: DOD recommendation is 35 days, but a lower value is acceptable. The value "0" will disable the account immediately after the password expires. | Q44: Inactive identifiers pose a risk to systems and applications because attackers may exploit an inactive identifier and potentially obtain undetected access to the system. Owners of inactive accounts will not notice if unauthorized access to their user account has been obtained. Operating systems need to track periods of inactivity and disable application identifiers after 35 days of inactivity. Satisfies: SRG-OS-000118-GPOS-00060, SRG-OS-000590-GPOS-00110
A45: UBTU-24-200270 | B45: V-274870 | C45: CAT II | D45: SRG-OS-000471-GPOS-00215 | E45: CCI-000172 | F45: Ubuntu 24.04 LTS must audit any script or executable called by cron as root or by any privileged user. | G45: Yes | H45: textfilecontent54 | I45: As-is | J45: Distro-agnostic; verify file paths on Arch | K45: Not started | O45: Verify Ubuntu 24.04 LTS is configured to audit the execution of any system call made by cron as root or as any privileged user. $ sudo auditctl -l | grep /etc/cron.d -w /etc/cron.d -p wa -k cronjobs $ sudo auditctl -l | grep /var/spool/cron -w /var/spool/cron -p wa -k cronjobs If either of these commands does not return the expected output, or the lines are commented out, this is a finding. | P45: Configure Ubuntu 24.04 LTS to audit the execution of any system call made by cron as root or as any privileged user. Add or update the following file system rules to "/etc/audit/rules.d/audit.rules": -w /etc/cron.d/ -p wa -k cronjobs -w /var/spool/cron/ -p wa -k cronjobs To load the rules to the kernel immediately, use the following command: $ sudo augenrules --load | Q45: Any script or executable called by cron as root or by any privileged user must be owned by that user, must have the permissions 755 or more restrictive, and should have no extended rights that allow any nonprivileged user to modify the script or executable.
A46: UBTU-24-200280 | B46: V-270684 | C46: CAT II | D46: SRG-OS-000004-GPOS-00004 | E46: CCI-000018, CCI-001403, CCI-001404, CCI-001405, CCI-002130, CCI-000172 | F46: Ubuntu 24.04 LTS must generate audit records for all account creations, modifications, disabling, and termination events that affect /etc/passwd. | G46: Yes | H46: textfilecontent54 | I46: As-is | J46: Distro-agnostic; verify file paths on Arch | K46: Not started | O46: Verify Ubuntu 24.04 LTS generates audit records for all account creations, modifications, disabling, and termination events that affect "/etc/passwd" with the following command: $ sudo auditctl -l | grep passwd -w /etc/passwd -p wa -k usergroup_modification If the command does not return a line that matches the example or the line is commented out, this is a finding. Note: The "-k" allows for specifying an arbitrary identifier, and the string after it does not need to match the example output above. | P46: Configure Ubuntu 24.04 LTS to generate audit records for all account creations, modifications, disabling, and termination events that affect "/etc/passwd". Add or update the following rule to "/etc/audit/rules.d/stig.rules": -w /etc/passwd -p wa -k usergroup_modification To reload the rules file, issue the following command: $ sudo augenrules --load | Q46: Once an attacker establishes access to a system, the attacker often attempts to create a persistent method of reestablishing access. One way to accomplish this is for the attacker to create an account. Auditing account creation actions provides logging that can be used for forensic purposes. To address access requirements, many operating systems may be integrated with enterprise-level authentication/access/auditing mechanisms that meet or exceed access control policy requirements. Satisfies: SRG-OS-000004-GPOS-00004, SRG-OS-000239-GPOS-00089, SRG-OS-000240-GPOS-00090, SRG-OS-000241-GPOS-00091, SRG-OS-000303-GPOS-00120, SRG-OS-000458-GPOS-00203, SRG-OS-000463-GPOS-00207, SRG-OS-000476-GPOS-00221
A47: UBTU-24-200290 | B47: V-270685 | C47: CAT II | D47: SRG-OS-000004-GPOS-00004 | E47: CCI-000018, CCI-001403, CCI-001404, CCI-001405, CCI-002130, CCI-000172 | F47: Ubuntu 24.04 LTS must generate audit records for all account creations, modifications, disabling, and termination events that affect /etc/group. | G47: Yes | H47: textfilecontent54 | I47: As-is | J47: Distro-agnostic; verify file paths on Arch | K47: Not started | O47: Verify Ubuntu 24.04 LTS generates audit records for all account creations, modifications, disabling, and termination events that affect "/etc/group" with the following command: $ sudo auditctl -l | grep group -w /etc/group -p wa -k usergroup_modification If the command does not return a line that matches the example or the line is commented out, this is a finding. Note: The "-k" allows for specifying an arbitrary identifier, and the string after it does not need to match the example output above. | P47: Configure Ubuntu 24.04 LTS to generate audit records for all account creations, modifications, disabling, and termination events that affect "/etc/group". Add or update the following rule to "/etc/audit/rules.d/stig.rules": -w /etc/group -p wa -k usergroup_modification To reload the rules file, issue the following command: $ sudo augenrules --load | Q47: Once an attacker establishes access to a system, the attacker often attempts to create a persistent method of reestablishing access. One way to accomplish this is for the attacker to create an account. Auditing account creation actions provides logging that can be used for forensic purposes. To address access requirements, many operating systems may be integrated with enterprise-level authentication/access/auditing mechanisms that meet or exceed access control policy requirements. Satisfies: SRG-OS-000004-GPOS-00004, SRG-OS-000239-GPOS-00089, SRG-OS-000240-GPOS-00090, SRG-OS-000241-GPOS-00091, SRG-OS-000303-GPOS-00120, SRG-OS-000458-GPOS-00203, SRG-OS-000463-GPOS-00207, SRG-OS-000476-GPOS-00221
A48: UBTU-24-200300 | B48: V-270686 | C48: CAT II | D48: SRG-OS-000004-GPOS-00004 | E48: CCI-000018, CCI-001403, CCI-001404, CCI-001405, CCI-002130, CCI-000172 | F48: Ubuntu 24.04 LTS must generate audit records for all account creations, modifications, disabling, and termination events that affect /etc/shadow. | G48: Yes | H48: textfilecontent54 | I48: As-is | J48: Distro-agnostic; verify file paths on Arch | K48: Not started | O48: Verify Ubuntu 24.04 LTS generates audit records for all account creations, modifications, disabling, and termination events that affect "/etc/shadow" with the following command: $ sudo auditctl -l | grep shadow -w /etc/shadow -p wa -k usergroup_modification If the command does not return a line that matches the example or the line is commented out, this is a finding. Note: The "-k" allows for specifying an arbitrary identifier, and the string after it does not need to match the example output above. | P48: Configure Ubuntu 24.04 LTS to generate audit records for all account creations, modifications, disabling, and termination events that affect "/etc/shadow". Add or update the following rule to "/etc/audit/rules.d/stig.rules": -w /etc/shadow -p wa -k usergroup_modification To reload the rules file, issue the following command: $ sudo augenrules --load | Q48: Once an attacker establishes access to a system, the attacker often attempts to create a persistent method of reestablishing access. One way to accomplish this is for the attacker to create an account. Auditing account creation actions provides logging that can be used for forensic purposes. To address access requirements, many operating systems may be integrated with enterprise-level authentication/access/auditing mechanisms that meet or exceed access control policy requirements. Satisfies: SRG-OS-000004-GPOS-00004, SRG-OS-000239-GPOS-00089, SRG-OS-000240-GPOS-00090, SRG-OS-000241-GPOS-00091, SRG-OS-000303-GPOS-00120, SRG-OS-000458-GPOS-00203, SRG-OS-000463-GPOS-00207, SRG-OS-000476-GPOS-00221
... A56: UBTU-24-200680 | B56: V-270694 | C56: CAT II | D56: SRG-OS-000024-GPOS-00007 | E56: CCI-000050 | F56: Ubuntu 24.04 LTS must be configured to enforce the acknowledgement of the Standard Mandatory DOD Notice and Consent Banner for all SSH connections. | G56: No (manual) | H56: — | I56: As-is | J56: Verify path/package name on Arch | K56: Not started | O56: Verify Ubuntu 24.04 LTS is configured to prompt a user to acknowledge the Standard Mandatory DOD Notice and Consent Banner before granting access with the following command: $ less /etc/profile.d/ssh_confirm.sh #!/bin/bash if [ -n "$SSH_CLIENT" ] || [ -n "$SSH_TTY" ]; then while true; do read -p " You are accessing a U.S. Government (USG) Information System (IS) that is provided for USG-authorized use only. By using this IS (which includes any device attached to this IS), you consent to the following conditions: -The USG routinely intercepts and monitors communications on this IS for purposes including, but not limited to, penetration testing, COMSEC monitoring, network operations and defense, personnel misconduct (PM), law enforcement (LE), and counterintelligence (CI) investigations. -At any time, the USG may inspect and seize data stored on this IS. -Communications using, or data stored on, this IS are not private, are subject to routine monitoring, interception, and search, and may be disclosed or used for any USG-authorized purpose. -This IS includes security measures (e.g., authentication and access controls) to protect USG interests--not for your personal benefit or privacy. -Notwithstanding the above, using this IS does not constitute consent to PM, LE or CI investigative searching or monitoring of the content of privileged communications, or work product, related to personal representation or services by attorneys, psychotherapists, or clergy, and their assistants. Such communications and work product are private and confidential. See User Agreement for details. Do you agree? [y/N] " yn case $yn in [Yy]* ) break ;; [Nn]* ) exit 1 ;; esac done fi If the output does not match the text above, this is a finding. | P56: Configure Ubuntu 24.04 LTS to prompt a user to acknowledge the Standard Mandatory DOD Notice and Consent Banner before granting access: $ sudo vi /etc/profile.d/ssh_confirm.sh #!/bin/bash if [ -n "$SSH_CLIENT" ] || [ -n "$SSH_TTY" ]; then while true; do read -p " You are accessing a U.S. Government (USG) Information System (IS) that is provided for USG-authorized use only. By using this IS (which includes any device attached to this IS), you consent to the following conditions: -The USG routinely intercepts and monitors communications on this IS for purposes including, but not limited to, penetration testing, COMSEC monitoring, network operations and defense, personnel misconduct (PM), law enforcement (LE), and counterintelligence (CI) investigations. -At any time, the USG may inspect and seize data stored on this IS. -Communications using, or data stored on, this IS are not private, are subject to routine monitoring, interception, and search, and may be disclosed or used for any USG-authorized purpose. -This IS includes security measures (e.g., authentication and access controls) to protect USG interests--not for your personal benefit or privacy. -Notwithstanding the above, using this IS does not constitute consent to PM, LE or CI investigative searching or monitoring of the content of privileged communications, or work product, related to personal representation or services by attorneys, psychotherapists, or clergy, and their assistants. Such communications and work product are private and confidential. See User Agreement for details. Do you agree? [y/N] " yn case $yn in [Yy]* ) break ;; [Nn]* ) exit 1 ;; esac done fi Note: The "ssh_confirm.sh" script is provided as a supplemental file to this document. | Q56: The banner must be acknowledged by the user prior to allowing the user access to Ubuntu 24.04 LTS. This provides assurance that the user has seen the message and accepted the conditions for access. If the consent banner is not acknowledged by the user, DOD will not be in compliance with system use notifications required by law. Ubuntu 24.04 LTS must prevent further activity until the user executes a positive action to manifest agreement.
A57: UBTU-24-300001 | B57: V-270695 | C57: CAT III | D57: SRG-OS-000366-GPOS-00153 | E57: CCI-003992 | F57: Ubuntu 24.04 LTS Advance Package Tool (APT) must be configured to prevent the installation of patches, service packs, device drivers, or Ubuntu 24.04 LTS components without verification they have been digitally signed using a certificate that is recognized and approved by the organization. | G57: Yes | H57: textfilecontent54 | I57: Translate | J57: apt/dpkg → pacman -Q / pacman -Qkk / pacman.conf SigLevel | K57: In progress | N57: Phase 1. Parent SRG-OS-000366-GPOS-00153 (GPOS V-203720) is partial. Ubuntu checks that APT refuses unsigned packages. Current Omarchy pacman configs set SigLevel = Required DatabaseOptional. The unsigned hole today is the AUR. Once Omarchy maintains its own user repository, the check moves there: that repository either signs packages or it is the finding. Do not record the AUR as a permanent fact. Heuristic Translate (apt to pacman) is only the tool name. | O57: Verify that APT is configured to prevent the installation of patches, service packs, device drivers, or Ubuntu 24.04 LTS components without verification they have been digitally signed using a certificate recognized and approved by the organization with the following command: $ grep AllowUnauthenticated /etc/apt/apt.conf.d/* If any files are returned from the command with "AllowUnauthenticated" are set to "true", this is a finding. | P57: Configure APT to prevent the installation of patches, service packs, device drivers, or Ubuntu 24.04 LTS components without verification they have been digitally signed using a certificate recognized and approved by the organization. Remove/update any APT configuration files that contain the variable "AllowUnauthenticated" to "false" or remove "AllowUnauthenticated" entirely from each file. Below is an example of setting the "AllowUnauthenticated" variable to "false": APT::Get::AllowUnauthenticated "false"; | Q57: Changes to any software components can have significant effects on the overall security of Ubuntu 24.04 LTS. This requirement ensures the software has not been tampered with and that it has been provided by a trusted vendor. Accordingly, patches, service packs, device drivers, or operating system components must be signed with a certificate recognized and approved by the organization. Verifying the authenticity of the software prior to installation validates the integrity of the patch or upgrade received from a vendor. This ensures the software has not been tampered with and that it has been provided by a trusted vendor. Self-signed certificates are disallowed by this requirement. Ubuntu 24.04 LTS will not have to verify the software again. This requirement does not mandate DOD certificates for this purpose; however, the certificate used to verify the software must be from an approved CA.
A58: UBTU-24-300006 | B58: V-270696 | C58: CAT II | D58: SRG-OS-000259-GPOS-00100 | E58: CCI-001499 | F58: Ubuntu 24.04 LTS library files must have mode 0755 or less permissive. | G58: Yes | H58: file | I58: As-is | J58: Distro-agnostic; verify file paths on Arch | K58: Not started | O58: Verify the systemwide shared library files contained in the directories "/lib", "/lib64", "/usr/lib", and "/usr/lib64" have mode 0755 or less permissive. Check that the systemwide shared library files have mode 0755 or less permissive with the following command: $ sudo find /lib /lib64 /usr/lib /usr/lib64 -type f -name '*.so*' -perm /022 -exec stat -c "%n %a" {} + If any output is returned, this is a finding. | P58: Configure the systemwide shared library files contained in the directories "/lib", "/lib64", "/usr/lib", and "/usr/lib64" to have mode 0755 or less permissive with the following command: $ sudo find /lib /lib64 /usr/lib /usr/lib64 -type f -name '*.so*' -perm /022 -exec chmod go-w {} + | Q58: If Ubuntu 24.04 LTS were to allow any user to make changes to software libraries, then those changes might be implemented without undergoing the appropriate testing and approvals that are part of a robust change management process. This requirement applies to operating systems with software libraries that are accessible and configurable, as in the case of interpreted languages. Software libraries also include privileged programs that execute with escalated privileges. Only qualified and authorized individuals must be allowed to obtain access to information system components for purposes of initiating changes, including upgrades and modifications.
A59: UBTU-24-300007 | B59: V-270697 | C59: CAT II | D59: SRG-OS-000259-GPOS-00100 | E59: CCI-001499 | F59: Ubuntu 24.04 LTS library files must be owned by root. | G59: Yes | H59: file | I59: As-is | J59: Distro-agnostic; verify file paths on Arch | K59: Not started | O59: Verify the systemwide shared library files contained in the directories "/lib", "/lib64", "/usr/lib", and "/usr/lib64" are owned by root with the following command: $ sudo find /lib /lib64 /usr/lib /usr/lib64 -type f -name '*.so*' ! -user root -exec stat -c "%n %U" {} + If any output is returned, this is a finding. | P59: Configure the systemwide shared library files contained in the directories "/lib", "/lib64", "/usr/lib", and "/usr/lib64" to be owned by root with the following command: $ sudo find /lib /lib64 /usr/lib /usr/lib64 -type f -name '*.so*' ! -user root -exec chown root {} + | Q59: If Ubuntu 24.04 LTS were to allow any user to make changes to software libraries, then those changes might be implemented without undergoing the appropriate testing and approvals that are part of a robust change management process. This requirement applies to operating systems with software libraries that are accessible and configurable, as in the case of interpreted languages. Software libraries also include privileged programs that execute with escalated privileges. Only qualified and authorized individuals must be allowed to obtain access to information system components for purposes of initiating changes, including upgrades and modifications.
A60: UBTU-24-300008 | B60: V-270698 | C60: CAT II | D60: SRG-OS-000259-GPOS-00100 | E60: CCI-001499 | F60: Ubuntu 24.04 LTS library directories must be owned by root. | G60: Yes | H60: file | I60: As-is | J60: Distro-agnostic; verify file paths on Arch | K60: Not started | O60: Verify the systemwide shared library directories "/lib", "/lib64", "/usr/lib", and "/usr/lib64" are owned by root with the following command: $ sudo find /lib /lib64 /usr/lib /usr/lib64 ! -user root -type d -exec stat -c "%n %U" '{}' \; If any systemwide library directory is returned, this is a finding. | P60: Configure the library files and their respective parent directories to be protected from unauthorized access. Run the following command: $ sudo find /lib /lib64 /usr/lib /usr/lib64 ! -user root -type d -exec chown root '{}' \; | Q60: If Ubuntu 24.04 LTS were to allow any user to make changes to software libraries, then those changes might be implemented without undergoing the appropriate testing and approvals that are part of a robust change management process. This requirement applies to operating systems with software libraries that are accessible and configurable, as in the case of interpreted languages. Software libraries also include privileged programs that execute with escalated privileges. Only qualified and authorized individuals must be allowed to obtain access to information system components for purposes of initiating changes, including upgrades and modifications.
A61: UBTU-24-300009 | B61: V-270699 | C61: CAT II | D61: SRG-OS-000259-GPOS-00100 | E61: CCI-001499 | F61: Ubuntu 24.04 LTS library files must be group-owned by root or a system account. | G61: Yes | H61: file | I61: As-is | J61: Distro-agnostic; verify file paths on Arch | K61: Not started | O61: Verify the systemwide shared library files contained in the directories "/lib", "/lib64", "/usr/lib", and "/usr/lib64" are group owned by root with the following command: $ sudo find /lib /lib64 /usr/lib /usr/lib64 -type f -name '*.so*' ! -group root -exec stat -c "%n %G" {} + If any output is returned, this is a finding. | P61: Configure the systemwide shared library files contained in the directories "/lib", "/lib64", "/usr/lib", and "/usr/lib64" to be group owned by root with the following command: $ sudo find /lib /lib64 /usr/lib /usr/lib64 -type f -name '*.so*' ! -group root -exec chown :root {} + | Q61: If Ubuntu 24.04 LTS were to allow any user to make changes to software libraries, then those changes might be implemented without undergoing the appropriate testing and approvals that are part of a robust change management process. This requirement applies to operating systems with software libraries that are accessible and configurable, as in the case of interpreted languages. Software libraries also include privileged programs that execute with escalated privileges. Only qualified and authorized individuals must be allowed to obtain access to information system components for purposes of initiating changes, including upgrades and modifications.
A62: UBTU-24-300010 | B62: V-270700 | C62: CAT II | D62: SRG-OS-000259-GPOS-00100 | E62: CCI-001499 | F62: Ubuntu 24.04 LTS library directories must be group-owned by root. | G62: Yes | H62: file | I62: As-is | J62: Verify path/package name on Arch | K62: Not started | O62: Verify the systemwide library directories "/lib", "/lib64", and "/usr/lib" are group-owned by root with the following command: $ sudo find /lib /usr/lib /lib64 ! -group root -type d -exec stat -c "%n %G" '{}' \; If any systemwide shared library directory is returned, this is a finding. | P62: Configure the system library directories to be protected from unauthorized access. Run the following command: $ sudo find /lib /usr/lib /lib64 ! -group root -type d -exec chgrp root '{}' \; | Q62: If Ubuntu 24.04 LTS were to allow any user to make changes to software libraries, then those changes might be implemented without undergoing the appropriate testing and approvals that are part of a robust change management process. This requirement applies to operating systems with software libraries that are accessible and configurable, as in the case of interpreted languages. Software libraries also include privileged programs that execute with escalated privileges. Only qualified and authorized individuals must be allowed to obtain access to information system components for purposes of initiating changes, including upgrades and modifications.
A63: UBTU-24-300011 | B63: V-270701 | C63: CAT II | D63: SRG-OS-000259-GPOS-00100 | E63: CCI-001499 | F63: Ubuntu 24.04 LTS must have system commands set to a mode of 0755 or less permissive. | G63: Yes | H63: file | I63: As-is | J63: Distro-agnostic; verify file paths on Arch | K63: Not started | O63: Verify the system commands contained in the following directories have mode 0755 or less permissive with the following command: $ sudo find /bin /sbin /usr/bin /usr/sbin /usr/local/bin /usr/local/sbin -perm /022 -type f -exec stat -c "%n %a" '{}' \; If any files are found to be group-writable or world-writable, this is a finding. | P63: Configure the system commands to be protected from unauthorized access. Run the following command: $ sudo find /bin /sbin /usr/bin /usr/sbin /usr/local/bin /usr/local/sbin -perm /022 -type f -exec chmod 755 '{}' \; | Q63: If Ubuntu 24.04 LTS were to allow any user to make changes to software libraries, then those changes might be implemented without undergoing the appropriate testing and approvals that are part of a robust change management process. This requirement applies to Ubuntu 24.04 LTS with software libraries that are accessible and configurable, as in the case of interpreted languages. Software libraries also include privileged programs that execute with escalated privileges. Only qualified and authorized individuals must be allowed to obtain access to information system components for purposes of initiating changes, including upgrades and modifications.
A64: UBTU-24-300012 | B64: V-270702 | C64: CAT II | D64: SRG-OS-000259-GPOS-00100 | E64: CCI-001499 | F64: Ubuntu 24.04 LTS must have system commands owned by root or a system account. | G64: Yes | H64: file | I64: As-is | J64: Distro-agnostic; verify file paths on Arch | K64: Not started | O64: Verify the system commands contained in the following directories are owned by root, or a required system account, with the following command: $ sudo find /bin /sbin /usr/bin /usr/sbin /usr/local/bin /usr/local/sbin ! -user root -type f -exec stat -c "%n %U" '{}' \; If any system commands are returned and not owned by a required system account, this is a finding. | P64: Configure the system commands and their respective parent directories to be protected from unauthorized access. Run the following command, replacing "[FILE]" with any system command file not owned by "root" or a required system account: $ sudo chown root [FILE] | Q64: If Ubuntu 24.04 LTS were to allow any user to make changes to software libraries, then those changes might be implemented without undergoing the appropriate testing and approvals that are part of a robust change management process. This requirement applies to Ubuntu 24.04 LTS with software libraries that are accessible and configurable, as in the case of interpreted languages. Software libraries also include privileged programs that execute with escalated privileges. Only qualified and authorized individuals must be allowed to obtain access to information system components for purposes of initiating changes, including upgrades and modifications.
A65: UBTU-24-300013 | B65: V-270703 | C65: CAT II | D65: SRG-OS-000259-GPOS-00100 | E65: CCI-001499 | F65: Ubuntu 24.04 LTS must have system commands group-owned by root or a system account. | G65: Yes | H65: file | I65: As-is | J65: Verify path/package name on Arch | K65: Not started | O65: Verify the system commands contained in the following directories are group-owned by root or a required system account with the following command: $ find /bin /sbin /usr/bin /usr/sbin /usr/local/bin /usr/local/sbin \-type f -perm -u=x -exec stat --format="%n %G" {} + | \awk '$2 != "root" && $2 != "daemon" && $2 != "adm" && $2 != "shadow" && $2 != "mail" && $2 != "crontab" && $2 != "_ssh"' Note: The above command uses awk to filter out common system accounts. If your system uses other required system accounts, add them to the awk condition to filter them out of the results. If any system commands are returned that are not group-owned by a required system account, this is a finding. | P65: Configure the system commands to be protected from unauthorized access. Run the following command, replacing "[FILE]" with any system command file not group-owned by "root" or a required system account: $ sudo chgrp [SYSTEMACCOUNT] [FILE] | Q65: If Ubuntu 24.04 LTS were to allow any user to make changes to software libraries, then those changes might be implemented without undergoing the appropriate testing and approvals that are part of a robust change management process. This requirement applies to Ubuntu 24.04 LTS with software libraries that are accessible and configurable, as in the case of interpreted languages. Software libraries also include privileged programs that execute with escalated privileges. Only qualified and authorized individuals must be allowed to obtain access to information system components for purposes of initiating changes, including upgrades and modifications.
A66: UBTU-24-300014 | B66: V-270704 | C66: CAT II | D66: SRG-OS-000710-GPOS-00160 | E66: CCI-004061 | F66: Ubuntu 24.04 LTS must prevent the use of dictionary words for passwords. | G66: Yes | H66: textfilecontent54 | I66: As-is | J66: Verify path/package name on Arch | K66: Not started | O66: Verify Ubuntu 24.04 LTS uses the "cracklib" library to prevent the use of dictionary words with the following command: $ grep dictcheck /etc/security/pwquality.conf dictcheck=1 If the "dictcheck" parameter is not set to "1" or is commented out, this is a finding. | P66: Configure Ubuntu 24.04 LTS to prevent the use of dictionary words for passwords. Add or update the following line in the "/etc/security/pwquality.conf" file to include the "dictcheck=1" parameter: dictcheck=1 | Q66: Password-based authentication applies to passwords regardless of whether they are used in single-factor or multifactor authentication. Long passwords or passphrases are preferable over shorter passwords. Enforced composition rules provide marginal security benefits while decreasing usability. However, organizations may choose to establish certain rules for password generation (e.g., minimum character length for long passwords) under certain circumstances and can enforce this requirement in IA-5(1)(h). Account recovery can occur, for example, in situations when a password is forgotten. Cryptographically protected passwords include salted one-way cryptographic hashes of passwords. The list of commonly used, compromised, or expected passwords includes passwords obtained from previous breach corpuses, dictionary words, and repetitive or sequential characters. The list includes context-specific words, such as the name of the service, username, and derivatives thereof.
A67: UBTU-24-300016 | B67: V-270705 | C67: CAT II | D67: SRG-OS-000480-GPOS-00225 | E67: CCI-000366 | F67: Ubuntu 24.04 LTS must be configured so that when passwords are changed or new passwords are established, pwquality must be used. | G67: Yes | H67: textfilecontent54 | I67: As-is | J67: Distro-agnostic; verify file paths on Arch | K67: Not started | O67: Verify that Ubuntu 24.04 LTS uses "pwquality" to enforce the password complexity rules. Verify the pwquality module is being enforced by Ubuntu 24.04 LTS with the following command: $ grep -i enforcing /etc/security/pwquality.conf enforcing = 1 If the value of "enforcing" is not "1", or the line is commented out, this is a finding. Check for the use of "pwquality" with the following command: $ cat /etc/pam.d/common-password | grep requisite | grep pam_pwquality password requisite pam_pwquality.so retry=3 If the value of "retry" is set to "0" or is greater than "3", or if a line is not returned, this is a finding. | P67: Configure Ubuntu 24.04 LTS to use "pwquality" to enforce password complexity rules. Add the following line to "/etc/security/pwquality.conf" (or modify the line to have the required value): enforcing = 1 Add the following line to "/etc/pam.d/common-password" (or modify the line to have the required value): password requisite pam_pwquality.so retry=3 Note: Ensure the value of "retry" is between "1" and "3". | Q67: Use of a complex password helps to increase the time and resources required to compromise the password. Password complexity, or strength, is a measure of the effectiveness of a password in resisting attempts at guessing and brute-force attacks. "pwquality" enforces complex password construction configuration and has the ability to limit brute-force attacks on the system.
A68: UBTU-24-300017 | B68: V-270706 | C68: CAT III | D68: SRG-OS-000480-GPOS-00226 | E68: CCI-000366 | F68: Ubuntu 24.04 LTS must enforce a delay of at least four seconds between logon prompts following a failed logon attempt. | G68: Yes | H68: textfilecontent54 | I68: As-is | J68: Distro-agnostic; verify file paths on Arch | K68: Not started | O68: Verify Ubuntu 24.04 LTS enforces a delay of at least four seconds between logon prompts following a failed logon attempt with the following command: $ grep pam_faildelay /etc/pam.d/common-auth auth required pam_faildelay.so delay=4000000 If the value for "delay" is not set to "4000000" or greater, the line is commented out, or is missing, this is a finding. | P68: Configure Ubuntu 24.04 LTS to enforce a delay of at least four seconds between logon prompts following a failed logon attempt. Edit the file "/etc/pam.d/common-auth" and set the parameter "pam_faildelay" to a value of "4000000" or greater: auth required pam_faildelay.so delay=4000000 | Q68: Limiting the number of logon attempts over a certain time interval reduces the chances that an unauthorized user may gain access to an account. The delay option is set in microseconds.
A69: UBTU-24-300019 | B69: V-274869 | C69: CAT II | D69: SRG-OS-000373-GPOS-00156 | E69: CCI-002038, CCI-004895 | F69: Ubuntu 24.04 LTS must restrict privilege elevation to authorized personnel. | G69: Yes | H69: textfilecontent54 | I69: As-is | J69: Verify path/package name on Arch | K69: Not started | O69: Verify the operating system restricts privilege elevation to authorized personnel with the following command: $ sudo grep -iwR 'ALL' /etc/sudoers /etc/sudoers.d/ | grep -v '#' If either of the following entries are returned, this is a finding: ALL ALL=(ALL) ALL ALL ALL=(ALL:ALL) ALL | P69: Configure the operating system to restrict privilege elevation to authorized personnel. Remove the following entries from the /etc/sudoers file or any configuration file under /etc/sudoers.d/: ALL ALL=(ALL) ALL ALL ALL=(ALL:ALL) ALL | Q69: If the "sudoers" file is not configured correctly, any user defined on the system can initiate privileged actions on the target system.
... A71: UBTU-24-300021 | B71: V-270707 | C71: CAT II | D71: SRG-OS-000480-GPOS-00227 | E71: CCI-000366 | F71: Ubuntu 24.04 LTS must require users to reauthenticate for privilege escalation or when changing roles. | G71: Yes | H71: textfilecontent54 | I71: As-is | J71: Verify path/package name on Arch | K71: Not started | O71: Verify the "/etc/sudoers" file has no occurrences of "!authenticate" with the following command: $ sudo egrep -iR '!authenticate' /etc/sudoers /etc/sudoers.d/ If any occurrences of "!authenticate" return from the command, this is a finding. | P71: Remove any occurrence of "!authenticate" found in "/etc/sudoers" file or files in the "/etc/sudoers.d" directory. | Q71: Without reauthentication, users may access resources or perform tasks for which they do not have authorization. When operating systems provide the capability to escalate a functional capability, it is critical the user reauthenticate.
A72: UBTU-24-300022 | B72: V-270708 | C72: CAT I | D72: SRG-OS-000480-GPOS-00227 | E72: CCI-000366 | F72: Ubuntu 24.04 LTS must be configured so that remote X connections are disabled, unless to fulfill documented and validated mission requirements. | G72: Yes | H72: textfilecontent54 | I72: As-is | J72: Distro-agnostic; verify file paths on Arch | K72: Done | L72: systemctl is-enabled sshd.service; if openssh is installed: sshd -T | grep -i '^x11forwarding ' | M72: None while sshd is off. The preset that enables sshd writes X11Forwarding no into /etc/ssh/sshd_config.d/10-omarchy-hardening.conf. That drop-in does not set it today. | N72: Phase 2. Parent SRG-OS-000480-GPOS-00227. No sshd means there is no X11 forward. OpenSSH's own default is X11Forwarding no. The Ubuntu check calls a missing keyword a finding, so the setup drop-in has to say it explicitly once sshd exists. Heuristic As-is is only true for the disabled-daemon case. | O72: Verify that X11Forwarding is disabled with the following command: $ sudo grep -ir x11forwarding /etc/ssh/sshd_config* | grep -v "^#" X11Forwarding no If the "X11Forwarding" keyword is set to "yes" and is not documented with the information system security officer (ISSO) as an operational requirement, is missing, or multiple conflicting results are returned, this is a finding. | P72: Edit the "/etc/ssh/sshd_config" file to uncomment or add the line for the "X11Forwarding" keyword and set its value to "no" (this file may be named differently or be in a different location if using a version of SSH that is provided by a third-party vendor): X11Forwarding no Restart SSH for the changes to take effect: $ sudo systemctl restart ssh | Q72: The security risk of using X11 forwarding is that the client's X11 display server may be exposed to attack when the SSH client requests forwarding. A system administrator (SA) must protect clients that may expose themselves to attack by unwittingly requesting X11 forwarding, which can warrant a ''no'' setting. X11 forwarding must be enabled with caution. Users with the ability to bypass file permissions on the remote host (for the user's X11 authorization database) can access the local X11 display through the forwarded connection. An attacker may then be able to perform activities such as keystroke monitoring if the ForwardX11Trusted option is also enabled. If X11 services are not required for the system's intended function, they must be disabled or restricted as appropriate to the system's needs.
A73: UBTU-24-300023 | B73: V-270709 | C73: CAT II | D73: SRG-OS-000480-GPOS-00227 | E73: CCI-000366 | F73: Ubuntu 24.04 LTS SSH daemon must prevent remote hosts from connecting to the proxy display. | G73: Yes | H73: textfilecontent54 | I73: As-is | J73: Distro-agnostic; verify file paths on Arch | K73: Not started | O73: Verify the SSH daemon prevents remote hosts from connecting to the proxy display with the following command: $ sudo grep -ir x11uselocalhost /etc/ssh/sshd_config* X11UseLocalhost yes If the "X11UseLocalhost" keyword is set to "no", is commented out, is missing, or multiple conflicting results are returned, this is a finding. | P73: Configure the SSH daemon to prevent remote hosts from connecting to the proxy display. Edit the "/etc/ssh/sshd_config" file to uncomment or add the line for the "X11UseLocalhost" keyword and set its value to "yes" (this file may be named differently or be in a different location if using a version of SSH that is provided by a third-party vendor): X11UseLocalhost yes Restart SSH for the changes to take effect: $ sudo systemctl restart ssh | Q73: When X11 forwarding is enabled, there may be additional exposure to the server and client displays if the sshd proxy display is configured to listen on the wildcard address. By default, sshd binds the forwarding server to the loopback address and sets the hostname part of the DISPLAY environment variable to localhost. This prevents remote hosts from connecting to the proxy display.
A74: UBTU-24-300025 | B74: V-270711 | C74: CAT I | D74: SRG-OS-000480-GPOS-00227 | E74: CCI-000366 | F74: Ubuntu 24.04 LTS must disable the x86 Ctrl-Alt-Delete key sequence if a graphical user interface is installed. | G74: No (manual) | H74: — | I74: Review: desktop | J74: Assumes GNOME/GDM; needs Hyprland/greetd equivalent or N/A for server role | K74: Done | L74: grep -n 'CTRL + ALT + Delete' default/hypr/bindings/*.lua; there is no gsettings logout key because the session is Hyprland, not GNOME | M74: None. Do not add a GNOME dconf lock. SUPER+CTRL+Delete toggles the internal monitor; it does not reboot. | N74: Phase 2. The Ubuntu check is a GNOME media-key. Omarchy's Hyprland bindings do not map Ctrl-Alt-Delete to logout or reboot. Review: desktop was the right bucket, and the review is done. | O74: Verify Ubuntu 24.04 LTS is not configured to reboot the system when Ctrl-Alt-Delete is pressed when using a graphical user interface with the following command: $ gsettings get org.gnome.settings-daemon.plugins.media-keys logout @as [] If the "logout" key is bound to an action, is commented out, or is missing, this is a finding. | P74: Configure Ubuntu 24.04 LTS to disable the Ctrl-Alt-Delete sequence when using a graphical user interface. Create or edit a file named /etc/dconf/db/local.d/00-mediakeys with the following contents: [org/gnome/settings-daemon/plugins/media-keys] logout=@as [] Update the dconf settings: $ sudo dconf update | Q74: A locally logged-on user who presses Ctrl-Alt-Delete, when at the console, can reboot the system. If accidentally pressed, as could happen in the case of a mixed OS environment, this can create the risk of short-term loss of availability of systems due to unintentional reboot. In the graphical environment, risk of unintentional reboot from the Ctrl-Alt-Delete sequence is reduced because the user will be prompted before any action is taken.
A75: UBTU-24-300026 | B75: V-270712 | C75: CAT I | D75: SRG-OS-000480-GPOS-00227 | E75: CCI-000366 | F75: Ubuntu 24.04 LTS must disable the x86 Ctrl-Alt-Delete key sequence. | G75: Yes | H75: symlink | I75: Build | J75: Distro-agnostic; verify file paths on Arch | K75: Open finding (POA&M) | L75: systemctl is-enabled ctrl-alt-del.target | M75: Gov/mil preset: systemctl mask ctrl-alt-del.target. Public image: leave the systemd alias to reboot.target. | N75: Phase 2. On a current image the unit is an alias, not masked, so Ctrl-Alt-Delete on a TTY reboots. Heuristic As-is is rejected. Masking it is a preset, not a default, because a general-purpose console uses that sequence to recover. | O75: Verify Ubuntu 24.04 LTS is not configured to reboot the system when Ctrl-Alt-Delete is pressed with the following command: $ systemctl status ctrl-alt-del.target o ctrl-alt-del.target Loaded: masked (Reason: Unit ctrl-alt-del.target is masked.) Active: inactive (dead) If the "ctrl-alt-del.target" is not masked, this is a finding. | P75: Configure the system to disable the Ctrl-Alt-Delete sequence for the command line with the following commands: $ sudo systemctl disable ctrl-alt-del.target [...] $ sudo systemctl mask ctrl-alt-del.target Created symlink /etc/systemd/system/ctrl-alt-del.target ? /dev/null. Reload the daemon to take effect: $ sudo systemctl daemon-reload | Q75: A locally logged-on user who presses Ctrl-Alt-Delete, when at the console, can reboot the system. If accidentally pressed, as could happen in the case of a mixed OS environment, this can create the risk of short-term loss of availability of systems due to unintentional reboot.
A76: UBTU-24-300027 | B76: V-270713 | C76: CAT I | D76: SRG-OS-000480-GPOS-00227 | E76: CCI-000366 | F76: Ubuntu 24.04 LTS must not have accounts configured with blank or null passwords. | G76: Yes | H76: textfilecontent54 | I76: As-is | J76: Verify path/package name on Arch | K76: Done | L76: sudo awk -F: '!$2 {print $1}' /etc/shadow | M76: If the check prints an account: passwd that account, or passwd -l to lock it. A '!' or '*' hash is locked, not blank, and does not match this awk. | N76: Phase 2. Heuristic As-is stands for the check, not as an Arch forever-claim. No script in this repository writes an empty shadow field. This pass did not scan a fresh ISO. After the fork, the Omarchy installer in the base image has to keep that true. | O76: Check the "/etc/shadow" file for blank passwords with the following command: $ sudo awk -F: '!$2 {print $1}' /etc/shadow If the command returns any results, this is a finding. | P76: Configure all accounts on the system to have a password or lock the account with the following commands: Perform a password reset: $ sudo passwd [username] Lock an account: $ sudo passwd -l [username] | Q76: If an account has an empty password, anyone could log on and run commands with the privileges of that account. Accounts with empty passwords must never be used in operational environments.
A77: UBTU-24-300028 | B77: V-270714 | C77: CAT I | D77: SRG-OS-000480-GPOS-00227 | E77: CCI-000366 | F77: Ubuntu 24.04 LTS must not allow accounts configured in Pluggable Authentication Modules (PAM) with blank or null passwords. | G77: Yes | H77: textfilecontent54 | I77: Build | J77: Distro-agnostic; verify file paths on Arch | K77: Open finding (POA&M) | L77: grep -R nullok /etc/pam.d | M77: Omarchy base repository: ship pam stacks without nullok. Do not edit the live Arch-owned files on the public image as a one-off. | N77: Phase 2. Heuristic As-is is rejected. Debian's common-password path does not exist here. The current image's /etc/pam.d/system-auth and omarchy-lock-password contain pam_unix.so nullok, inherited from the Arch pam stack. Owning the base repository is the fix. Until that ships, empty-password logins are not forbidden by policy. | O77: To verify null passwords cannot be used, run the following command: $ grep nullok /etc/pam.d/common-password /etc/pam.d/common-auth If this produces any output, this is a finding. | P77: If an account is configured for password authentication but does not have an assigned password, it is possible to log on to the account without authenticating. Remove any instances of the "nullok" option in "/etc/pam.d/common-password" and "/etc/pam.d/common-auth" to prevent logons with empty passwords. | Q77: If an account has an empty password, anyone could log on and run commands with the privileges of that account. Accounts with empty passwords must never be used in operational environments.
A78: UBTU-24-300029 | B78: V-270715 | C78: CAT II | D78: SRG-OS-000480-GPOS-00227 | E78: CCI-000366 | F78: Ubuntu 24.04 LTS must generate audit records for all events that affect the systemd journal files. | G78: Yes | H78: textfilecontent54 | I78: As-is | J78: Distro-agnostic; verify file paths on Arch | K78: Not started | O78: Verify Ubuntu 24.04 LTS generates audit records for all events that affect "/var/log/journal" with the following command: $ sudo auditctl -l | grep journal -w /var/log/journal -p wa -k systemd_journal If the command does not return a line that matches the example or the line is commented out, this is a finding. Note: The "-k" allows for specifying an arbitrary identifier, and the string after it does not need to match the example output above. | P78: Configure Ubuntu 24.04 LTS to generate audit records for events that affect "/var/log/journal". Add or update the following rule to "/etc/audit/rules.d/stig.rules": -w /var/log/journal -p wa -k systemd_journal To reload the rules file, issue the following command: $ sudo augenrules --load | Q78: Once an attacker establishes access to a system, the attacker often attempts to create a persistent method of reestablishing access. One way to accomplish this is for the attacker to modify system level binaries and their operation. Auditing the systemd journal files provides logging that can be used for forensic purposes. To address access requirements, many operating systems may be integrated with enterprise-level authentication/access/auditing mechanisms that meet or exceed access control policy requirements.
A79: UBTU-24-300030 | B79: V-270716 | C79: CAT II | D79: SRG-OS-000480-GPOS-00228 | E79: CCI-000366 | F79: Ubuntu 24.04 LTS default filesystem permissions must be defined in such a way that all authenticated users can read and modify only their own files. | G79: Yes | H79: textfilecontent54 | I79: As-is | J79: Distro-agnostic; verify file paths on Arch | K79: Not started | O79: Verify Ubuntu 24.04 LTS defines default permissions for all authenticated users in such a way that the user can read and modify only their own files with the following command: $ grep -i '^\s*umask' /etc/login.defs UMASK 077 If the "UMASK" variable is set to "000", this is a finding with the severity raised to a CAT I. If the value of "UMASK" is not set to "077", is commented out, or is missing, this is a finding. | P79: Configure the system to define the default permissions for all authenticated users in such a way that the user can read and modify only their own files. Edit the "UMASK" parameter in the "/etc/login.defs" file to match the example below: UMASK 077 | Q79: Setting the most restrictive default permissions ensures that when new accounts are created, they do not have unnecessary access.
A80: UBTU-24-300031 | B80: V-270717 | C80: CAT I | D80: SRG-OS-000480-GPOS-00229 | E80: CCI-000366 | F80: Ubuntu 24.04 LTS must not allow unattended or automatic login via SSH. | G80: Yes | H80: textfilecontent54 | I80: Translate | J80: Replace with defined pacman update cadence/gate | K80: Done | L80: systemctl is-enabled sshd.service; if it is enabled: sshd -T | grep -E '^(permitemptypasswords|permituserenvironment) ' | M80: None while sshd is disabled. When omarchy-setup-security-sshd writes 10-omarchy-hardening.conf, that file should also set PermitEmptyPasswords no and PermitUserEnvironment no. It sets password authentication only today. | N80: Phase 2. This is unattended SSH login, not graphical autologin (parent V-203782). sshd is off until setup, so the default image cannot automatic-login over SSH. The Ubuntu grep treats a missing keyword as a finding once the package exists, which is why the drop-in still needs those two lines. | O80: Verify unattended or automatic login via SSH is disabled with the following command: $ egrep -r '(Permit(.*?)(Passwords|Environment))' /etc/ssh/sshd_config PermitEmptyPasswords no PermitUserEnvironment no If the "PermitEmptyPasswords" or "PermitUserEnvironment" keywords are set to a value other than "no", are commented out, are both missing, or conflicting results are returned, this is a finding. | P80: Configure Ubuntu 24.04 LTS to allow the SSH daemon to not allow unattended or automatic login to the system. Add or edit the following lines in the "/etc/ssh/sshd_config" file: PermitEmptyPasswords no PermitUserEnvironment no Restart SSH for the changes to take effect: $ sudo systemctl restart ssh | Q80: Failure to restrict system access to authenticated users negatively impacts Ubuntu 24.04 LTS security.
A81: UBTU-24-300039 | B81: V-270718 | C81: CAT II | D81: SRG-OS-000690-GPOS-00140 | E81: CCI-003959, CCI-001958 | F81: Ubuntu 24.04 LTS must disable automatic mounting of Universal Serial Bus (USB) mass storage driver. | G81: Yes | H81: textfilecontent54 | I81: As-is | J81: Verify path/package name on Arch | K81: Not started | O81: Verify that Ubuntu 24.04 LTS disables the ability to load the USB storage kernel module with the following command: $ sudo grep usb-storage /etc/modprobe.d/* | grep "/bin/false" /etc/modprobe.d/DISASTIG.conf:install usb-storage /bin/false If the command does not return any output, or the line is commented out, this is a finding. Verify Ubuntu 24.04 LTS disables the ability to use USB mass storage devices. $ sudo grep usb-storage /etc/modprobe.d/* | grep -i "blacklist" /etc/modprobe.d/DISASTIG.conf:blacklist usb-storage If the command does not return any output, or the line is commented out, this is a finding. | P81: Configure Ubuntu 24.04 LTS to disable using the USB storage kernel module with the following command: $ sudo su -c "echo install usb-storage /bin/false >> /etc/modprobe.d/DISASTIG.conf" Configure Ubuntu 24.04 LTS to disable the ability to use USB mass storage devices with the following command: $ sudo su -c "echo blacklist usb-storage >> /etc/modprobe.d/DISASTIG.conf" | Q81: Without authenticating devices, unidentified or unknown devices may be introduced, thereby facilitating malicious activity. Peripherals include, but are not limited to, devices such as flash drives, external storage, and printers. Satisfies: SRG-OS-000690-GPOS-00140, SRG-OS-000378-GPOS-00163
A82: UBTU-24-300041 | B82: V-270719 | C82: CAT II | D82: SRG-OS-000096-GPOS-00050 | E82: CCI-000382 | F82: Ubuntu 24.04 LTS must be configured to prohibit or restrict the use of functions, ports, protocols, and/or services, as defined in the Ports, Protocols, and Services Management Category Assurance List (PPSM CAL) and vulnerability assessments. | G82: No (manual) | H82: — | I82: Translate | J82: ufw → nftables | K82: Not started | O82: Check the firewall configuration for any unnecessary or prohibited functions, ports, protocols, and/or services with the following command: $ sudo ufw show raw Chain OUTPUT (policy ACCEPT) target prot opt sources destination Chain INPUT (policy ACCEPT 1 packets, 40 bytes) pkts bytes target prot opt in out source destination Chain FORWARD (policy ACCEPT 0 packets, 0 bytes) pkts bytes target prot opt in out source destination Chain OUTPUT (policy ACCEPT 0 packets, 0 bytes) pkts bytes target prot opt in out source destination Ask the system administrator for the site or program PPSM Components Local Services Assessment (CLSA). Verify the services allowed by the firewall match the PPSM CLSA. If there are any additional ports, protocols, or services that are not included in the PPSM CLSA, this is a finding. If there are any ports, protocols, or services that are prohibited by the PPSM CAL, this is a finding. | P82: Add all ports, protocols, or services allowed by the PPSM CLSA by using the following command: $ sudo ufw allow <direction> <port/protocol/service> Where the direction is "in" or "out" and the port is the one corresponding to the protocol or service allowed. To deny access to ports, protocols, or services, use: $ sudo ufw deny <direction> <port/protocol/service> | Q82: To prevent unauthorized connection of devices, unauthorized transfer of information, or unauthorized tunneling (i.e., embedding of data types within data types), organizations must disable or restrict unused or unnecessary physical and logical ports/protocols on information systems. Operating systems are capable of providing a wide variety of functions and services. Some of the functions and services provided by default may not be necessary to support essential organizational operations. Additionally, it is sometimes convenient to provide multiple services from a single component (e.g., VPN and IPS); however, doing so increases risk over limiting the services provided by any one component. To support the requirements and principles of least functionality, Ubuntu 24.04 LTS must support the organizational requirements, providing only essential capabilities and limiting the use of ports, protocols, and/or services to only those required, authorized, and approved to conduct official business or to address authorized quality of life issues.
A83: UBTU-24-400000 | B83: V-270720 | C83: CAT II | D83: SRG-OS-000104-GPOS-00051 | E83: CCI-000764, CCI-000804 | F83: Ubuntu 24.04 LTS must uniquely identify interactive users. | G83: Yes | H83: variable | I83: As-is | J83: Verify path/package name on Arch | K83: Not started | O83: Verify Ubuntu 24.04 LTS contains no duplicate User IDs (UIDs) for interactive users with the following command: $ awk -F ":" 'list[$3]++{print $1, $3}' /etc/passwd If output is produced and the accounts listed are interactive user accounts, this is a finding. | P83: Edit the file "/etc/passwd" and provide each interactive user account that has a duplicate UID with a unique UID. | Q83: To ensure accountability and prevent unauthenticated access, organizational users must be identified and authenticated to prevent potential misuse and compromise of the system. Organizational users include organizational employees or individuals the organization deems to have equivalent status of employees (e.g., contractors). Organizational users (and processes acting on behalf of users) must be uniquely identified and authenticated to all accesses, except for the following: 1) Accesses explicitly identified and documented by the organization. Organizations document specific user actions that can be performed on the information system without identification or authentication; and 2) Accesses that occur through authorized use of group authenticators without individual authentication. Organizations may require unique identification of individuals in group accounts (e.g., shared privilege accounts) or for detailed accountability of individual activity. Satisfies: SRG-OS-000104-GPOS-00051, SRG-OS-000121-GPOS-00062
A84: UBTU-24-400020 | B84: V-270721 | C84: CAT II | D84: SRG-OS-000105-GPOS-00052 | E84: CCI-000765, CCI-000766 | F84: Ubuntu 24.04 LTS must implement smart card logins for multifactor authentication for local and network access to privileged and nonprivileged accounts. | G84: Yes | H84: textfilecontent54 | I84: As-is | J84: Distro-agnostic; verify file paths on Arch | K84: Not started | O84: Verify that the "pam_pkcs11.so" module is configured with the following command: $ grep -r pam_pkcs11.so /etc/pam.d/common-auth auth [success=2 default=ignore] pam_pkcs11.so If the module is not configured, is missing, or commented out, this is a finding. | P84: Configure Ubuntu 24.04 LTS to use multifactor authentication for access to accounts. Add or update "pam_pkcs11.so" in "/etc/pam.d/common-auth" to match the following line: auth [success=2 default=ignore] pam_pkcs11.so | Q84: Without the use of multifactor authentication, the ease of access to privileged functions is greatly increased. Multifactor authentication requires using two or more factors to achieve authentication. Factors include: 1) Something a user knows (e.g., password/PIN); 2) Something a user has (e.g., cryptographic identification device, token); and 3) Something a user is (e.g., biometric). A privileged account is defined as an information system account with authorizations of a privileged user. Network access is defined as access to an information system by a user (or a process acting on behalf of a user) communicating through a network (e.g., local area network, wide area network, or the internet). The DOD common access card (CAC) with DOD-approved PKI is an example of multifactor authentication. Satisfies: SRG-OS-000105-GPOS-00052, SRG-OS-000107-GPOS-00054, SRG-OS-000106-GPOS-00053, SRG-OS-000108-GPOS-00055
A85: UBTU-24-400030 | B85: V-270722 | C85: CAT II | D85: SRG-OS-000105-GPOS-00052 | E85: CCI-000765, CCI-000766 | F85: Ubuntu 24.04 LTS must implement smart card logins for multifactor authentication for local and network access to privileged and nonprivileged accounts over SSH. | G85: Yes | H85: textfilecontent54 | I85: As-is | J85: Distro-agnostic; verify file paths on Arch | K85: Not started | O85: Verify the sshd daemon allows public key authentication with the following command: $ sudo grep -r ^PubkeyAuthentication /etc/ssh/sshd_config* /etc/ssh/sshd_config:PubkeyAuthentication yes If "PubkeyAuthentication" is not set to "yes", is commented out, is missing, or conflicting results are returned, this is a finding. | P85: Configure Ubuntu 24.04 LTS to use multifactor authentication for access to accounts. Set the sshd option "PubkeyAuthentication" to "yes" in the "/etc/ssh/sshd_config" file. PubkeyAuthentication yes | Q85: Without the use of multifactor authentication, the ease of access to privileged functions is greatly increased. Multifactor authentication requires using two or more factors to achieve authentication. Factors include: 1) Something a user knows (e.g., password/PIN); 2) Something a user has (e.g., cryptographic identification device, token); and 3) Something a user is (e.g., biometric). A privileged account is defined as an information system account with authorizations of a privileged user. Network access is defined as access to an information system by a user (or a process acting on behalf of a user) communicating through a network (e.g., local area network, wide area network, or the internet). The DOD common access card (CAC) with DOD-approved PKI is an example of multifactor authentication. Satisfies: SRG-OS-000105-GPOS-00052, SRG-OS-000107-GPOS-00054, SRG-OS-000106-GPOS-00053, SRG-OS-000108-GPOS-00055
A86: UBTU-24-400060 | B86: V-270723 | C86: CAT II | D86: SRG-OS-000377-GPOS-00162 | E86: CCI-001954 | F86: Ubuntu 24.04 LTS must electronically verify Personal Identity Verification (PIV) credentials. | G86: Yes | H86: textfilecontent54 | I86: As-is | J86: Distro-agnostic; verify file paths on Arch | K86: Not started | O86: Verify Ubuntu 24.04 LTS electronically verifies PIV credentials via certificate status checking with the following command: $ sudo grep use_pkcs11_module /etc/pam_pkcs11/pam_pkcs11.conf | awk '/pkcs11_module opensc {/,/}/' /etc/pam_pkcs11/pam_pkcs11.conf | grep cert_policy | grep ocsp_on cert_policy = ca,signature,ocsp_on; If every returned "cert_policy" line is not set to "ocsp_on", or the line is commented out, this is a finding. | P86: Configure Ubuntu 24.04 LTS to do certificate status checking for multifactor authentication. Modify all of the "cert_policy" lines in "/etc/pam_pkcs11/pam_pkcs11.conf" to include "ocsp_on". | Q86: The use of PIV credentials facilitates standardization and reduces the risk of unauthorized access. DOD has mandated the use of the common access card (CAC) to support identity management and personal authentication for systems covered under Homeland Security Presidential Directive (HSPD) 12, as well as making the CAC a primary component of layered protection for national security systems.
A87: UBTU-24-400110 | B87: V-270724 | C87: CAT II | D87: SRG-OS-000109-GPOS-00056 | E87: CCI-004045 | F87: Ubuntu 24.04 LTS must prevent direct login to the root account. | G87: Yes | H87: shadow | I87: As-is | J87: Verify path/package name on Arch | K87: Not started | O87: Verify Ubuntu 24.04 LTS prevents direct logins to the root account with the following command: $ sudo passwd -S root root L 04/08/2024 0 99999 7 -1 If the output does not contain "L" in the second field to indicate the account is locked, this is a finding. | P87: Configure Ubuntu 24.04 LTS to prevent direct logins to the root account by performing the following operations: $ sudo passwd -l root | Q87: To ensure individual accountability and prevent unauthorized access, organizational users must be individually identified and authenticated. A group authenticator is a generic account used by multiple individuals. Use of a group authenticator alone does not uniquely identify individual users. Examples of the group authenticator are the Unix OS "root" user account, the Windows "Administrator" account, the "sa" account, or a "helpdesk" account. For example, the Unix and Windows operating systems offer a "switch user" capability allowing users to authenticate with their individual credentials and, when needed, switch to the administrator role. This method provides for unique individual authentication prior to using a group authenticator. Users (and any processes acting on behalf of users) need to be uniquely identified and authenticated for all accesses other than those accesses explicitly identified and documented by the organization, which outlines specific user actions that can be performed on Ubuntu 24.04 LTS without identification or authentication. Requiring individuals to be authenticated with an individual authenticator prior to using a group authenticator allows for traceability of actions, as well as adding an additional level of protection of the actions that can be taken with group account knowledge.
A88: UBTU-24-400220 | B88: V-270725 | C88: CAT II | D88: SRG-OS-000073-GPOS-00041 | E88: CCI-004062 | F88: Ubuntu 24.04 LTS must store only encrypted representations of passwords. | G88: Yes | H88: textfilecontent54 | I88: As-is | J88: Distro-agnostic; verify file paths on Arch | K88: In progress | N88: Phase 1. Parent SRG-OS-000073-GPOS-00041 (GPOS V-203629). The current image stores passwords as non-reversible hashes (pam_unix, yescrypt). Heuristic As-is matches the current image only. After the fork it stays true only if the Omarchy base repository keeps that hashing in its own pam and shadow packages. | O88: Verify the Ubuntu operating system stores only encrypted representations of passwords with the following command: $ grep pam_unix.so /etc/pam.d/common-password password [success=1 default=ignore] pam_unix.so obscure sha512 shadow rounds=100000 If "sha512" is missing from the "pam_unix.so" line, or if the "rounds" is set to less than 100000, this is a finding. | P88: Configure Ubuntu 24.04 LTS to store encrypted representations of passwords. Add or modify the "sha512" parameter value to the following line in "/etc/pam.d/common-password" file: password [success=1 default=ignore] pam_unix.so obscure sha512 shadow rounds=100000 | Q88: Password complexity, or strength, is a measure of the effectiveness of a password in resisting attempts at guessing and brute-force attacks. If the information system or application allows the user to consecutively reuse their password when that password has exceeded its defined lifetime, the end result is a password that is not changed per policy requirements.
A89: UBTU-24-400260 | B89: V-270726 | C89: CAT II | D89: SRG-OS-000069-GPOS-00037 | E89: CCI-004065, CCI-004066 | F89: Ubuntu 24.04 LTS must enforce password complexity by requiring that at least one uppercase character be used. | G89: Yes | H89: textfilecontent54 | I89: As-is | J89: Verify path/package name on Arch | K89: Not started | O89: Verify Ubuntu 24.04 LTS enforces password complexity by requiring that at least one uppercase character be used with the following command: $ grep -i "ucredit" /etc/security/pwquality.conf ucredit=-1 If the "ucredit" parameter is greater than "-1", is commented out, or is missing, this is a finding. | P89: Configure Ubuntu 24.04 LTS to enforce password complexity by requiring that at least one uppercase character be used. Add or update the "/etc/security/pwquality.conf" file to contain the "ucredit" parameter: ucredit=-1 | Q89: Use of a complex password helps to increase the time and resources required to compromise the password. Password complexity, or strength, is a measure of the effectiveness of a password in resisting attempts at guessing and brute-force attacks. Password complexity is one factor of several that determines how long it takes to crack a password. The more complex the password, the greater the number of possible combinations that need to be tested before the password is compromised. Satisfies: SRG-OS-000069-GPOS-00037, SRG-OS-000730-GPOS-00190
A90: UBTU-24-400270 | B90: V-270727 | C90: CAT II | D90: SRG-OS-000070-GPOS-00038 | E90: CCI-004065, CCI-004066 | F90: Ubuntu 24.04 LTS must enforce password complexity by requiring that at least one lowercase character be used. | G90: Yes | H90: textfilecontent54 | I90: As-is | J90: Verify path/package name on Arch | K90: Not started | O90: Verify Ubuntu 24.04 LTS enforces password complexity by requiring that at least one lowercase character be used with the following command: $ grep -i "lcredit" /etc/security/pwquality.conf lcredit=-1 If the "lcredit" parameter is greater than "-1", is commented out, or is missing, this is a finding. | P90: Configure Ubuntu 24.04 LTS to enforce password complexity by requiring that at least one lowercase character be used. Add or update the "/etc/security/pwquality.conf" file to contain the "lcredit" parameter: lcredit=-1 | Q90: Use of a complex password helps to increase the time and resources required to compromise the password. Password complexity, or strength, is a measure of the effectiveness of a password in resisting attempts at guessing and brute-force attacks. Password complexity is one factor of several that determines how long it takes to crack a password. The more complex the password, the greater the number of possible combinations that need to be tested before the password is compromised. Satisfies: SRG-OS-000070-GPOS-00038, SRG-OS-000730-GPOS-00190
A91: UBTU-24-400280 | B91: V-270728 | C91: CAT II | D91: SRG-OS-000071-GPOS-00039 | E91: CCI-004065, CCI-004066 | F91: Ubuntu 24.04 LTS must enforce password complexity by requiring that at least one numeric character be used. | G91: Yes | H91: textfilecontent54 | I91: As-is | J91: Verify path/package name on Arch | K91: Not started | O91: Verify Ubuntu 24.04 LTS enforces password complexity by requiring that at least one numeric character be used. Determine if the field "dcredit" is set in the "/etc/security/pwquality.conf" file with the following command: $ grep -i "dcredit" /etc/security/pwquality.conf dcredit=-1 If the "dcredit" parameter is greater than "-1", is commented out, or is missing, this is a finding. | P91: Configure Ubuntu 24.04 LTS to enforce password complexity by requiring that at least one numeric character be used. Add or update the "/etc/security/pwquality.conf" file to contain the "dcredit" parameter: dcredit=-1 | Q91: Use of a complex password helps to increase the time and resources required to compromise the password. Password complexity, or strength, is a measure of the effectiveness of a password in resisting attempts at guessing and brute-force attacks. Password complexity is one factor of several that determines how long it takes to crack a password. The more complex the password, the greater the number of possible combinations that need to be tested before the password is compromised. Satisfies: SRG-OS-000071-GPOS-00039, SRG-OS-000730-GPOS-00190
A92: UBTU-24-400290 | B92: V-270729 | C92: CAT II | D92: SRG-OS-000072-GPOS-00040 | E92: CCI-004065, CCI-004066 | F92: Ubuntu 24.04 LTS must require the change of at least eight characters when passwords are changed. | G92: Yes | H92: textfilecontent54 | I92: As-is | J92: Verify path/package name on Arch | K92: Not started | O92: Verify Ubuntu 24.04 LTS requires the change of at least eight characters when passwords are changed with the following command: $ grep -i "difok" /etc/security/pwquality.conf difok=8 If the "difok" parameter is less than "8" or is commented out, this is a finding. | P92: Configure Ubuntu 24.04 LTS to require the change of at least eight characters when passwords are changed. Add or update the "/etc/security/pwquality.conf" file to include the "difok=8" parameter: difok=8 | Q92: If Ubuntu 24.04 LTS allows the user to consecutively reuse extensive portions of passwords, this increases the chances of password compromise by increasing the window of opportunity for attempts at guessing and brute-force attacks. The number of changed characters refers to the number of changes required with respect to the total number of positions in the current password. In other words, characters may be the same within the two passwords; however, the positions of the like characters must be different. If the password length is an odd number, then number of changed characters must be rounded up. For example, a password length of 15 characters must require the change of at least eight characters. Satisfies: SRG-OS-000072-GPOS-00040, SRG-OS-000730-GPOS-00190
A93: UBTU-24-400300 | B93: V-270730 | C93: CAT II | D93: SRG-OS-000075-GPOS-00043 | E93: CCI-004065, CCI-004066 | F93: Ubuntu 24.04 LTS must enforce 24 hours/1 day as the minimum password lifetime. Passwords for new users must have a 24 hours/1 day minimum password lifetime restriction. | G93: Yes | H93: textfilecontent54 | I93: As-is | J93: Distro-agnostic; verify file paths on Arch | K93: Not started | O93: Verify Ubuntu 24.04 LTS enforces a 24 hours/1 day minimum password lifetime for new user accounts with the following command: $ grep -i ^PASS_MIN_DAYS /etc/login.defs PASS_MIN_DAYS 1 If the "PASS_MIN_DAYS" parameter value is less than "1" or is commented out, this is a finding. | P93: Configure Ubuntu 24.04 LTS to enforce a 24 hours/1 day minimum password lifetime. Add or modify the following line in the "/etc/login.defs" file: PASS_MIN_DAYS 1 | Q93: Enforcing a minimum password lifetime helps to prevent repeated password changes to defeat the password reuse or history enforcement requirement. If users are allowed to immediately and continually change their password, then the password could be repeatedly changed in a short period of time to defeat the organization's policy regarding password reuse. Satisfies: SRG-OS-000075-GPOS-00043, SRG-OS-000730-GPOS-00190
A94: UBTU-24-400310 | B94: V-270731 | C94: CAT II | D94: SRG-OS-000076-GPOS-00044 | E94: CCI-004065, CCI-004066 | F94: Ubuntu 24.04 LTS must enforce a 60-day maximum password lifetime restriction. Passwords for new users must have a 60-day maximum password lifetime restriction. | G94: Yes | H94: textfilecontent54 | I94: As-is | J94: Distro-agnostic; verify file paths on Arch | K94: Not started | O94: Verify Ubuntu 24.04 LTS enforces a 60-day maximum password lifetime for new user accounts with the following command: $ grep -i ^PASS_MAX_DAYS /etc/login.defs PASS_MAX_DAYS 60 If the "PASS_MAX_DAYS" parameter value is less than "60" or is commented out, this is a finding. | P94: Configure Ubuntu 24.04 LTS to enforce a 60-day maximum password lifetime. Add or modify the following line in the "/etc/login.defs" file: PASS_MAX_DAYS 60 | Q94: Any password, no matter how complex, can eventually be cracked. Therefore, passwords need to be changed periodically. If Ubuntu 24.04 LTS does not limit the lifetime of passwords and force users to change their passwords, there is the risk that Ubuntu 24.04 LTS passwords could be compromised. Satisfies: SRG-OS-000076-GPOS-00044, SRG-OS-000730-GPOS-00190
A95: UBTU-24-400320 | B95: V-270732 | C95: CAT II | D95: SRG-OS-000078-GPOS-00046 | E95: CCI-004065, CCI-004066 | F95: Ubuntu 24.04 LTS must enforce a minimum 15-character password length. | G95: Yes | H95: textfilecontent54 | I95: As-is | J95: Verify path/package name on Arch | K95: Not started | O95: Verify the pwquality configuration file enforces a minimum 15-character password length with the following command: $ grep -i minlen /etc/security/pwquality.conf minlen=15 If "minlen" parameter value is not "15" or higher, is commented out, or is missing, this is a finding. | P95: Configure Ubuntu 24.04 LTS to enforce a minimum 15-character password length. Add or modify the "minlen" parameter value to the "/etc/security/pwquality.conf" file: minlen=15 | Q95: The shorter the password, the lower the number of possible combinations that need to be tested before the password is compromised. Password complexity, or strength, is a measure of the effectiveness of a password in resisting attempts at guessing and brute-force attacks. Password length is one factor of several that helps to determine strength and how long it takes to crack a password. Use of more characters in a password helps to exponentially increase the time and/or resources required to compromise the password. Satisfies: SRG-OS-000078-GPOS-00046, SRG-OS-000730-GPOS-00190
A96: UBTU-24-400330 | B96: V-270733 | C96: CAT II | D96: SRG-OS-000266-GPOS-00101 | E96: CCI-004065, CCI-004066 | F96: Ubuntu 24.04 LTS must enforce password complexity by requiring that at least one special character be used. | G96: Yes | H96: textfilecontent54 | I96: As-is | J96: Verify path/package name on Arch | K96: Not started | O96: Determine if the field "ocredit" is set in the "/etc/security/pwquality.conf" file with the following command: $ grep -i "ocredit" /etc/security/pwquality.conf ocredit=-1 If the "ocredit" parameter is greater than "-1", is commented out, or is missing, this is a finding. | P96: Configure Ubuntu 24.04 LTS to enforce password complexity by requiring that at least one special character be used. Add or update the following line in the "/etc/security/pwquality.conf" file to include the "ocredit=-1" parameter: ocredit=-1 | Q96: Use of a complex password helps to increase the time and resources required to compromise the password. Password complexity or strength is a measure of the effectiveness of a password in resisting attempts at guessing and brute-force attacks. Password complexity is one factor in determining how long it takes to crack a password. The more complex the password, the greater the number of possible combinations that need to be tested before the password is compromised. Special characters are those characters that are not alphanumeric. Examples include: ~ ! @ # $ % ^ *. Satisfies: SRG-OS-000266-GPOS-00101, SRG-OS-000730-GPOS-00190
A97: UBTU-24-400340 | B97: V-270734 | C97: CAT III | D97: SRG-OS-000383-GPOS-00166 | E97: CCI-002007 | F97: Ubuntu 24.04 LTS must be configured such that Pluggable Authentication Module (PAM) prohibits the use of cached authentications after one day. | G97: Yes | H97: textfilecontent54 | I97: As-is | J97: Distro-agnostic; verify file paths on Arch | K97: Not started | O97: Note: If smart card authentication is not being used on the system, this requirement is not applicable. Verify PAM prohibits the use of cached authentications after one day with the following command: $ sudo grep offline_credentials_expiration /etc/sssd/sssd.conf /etc/sssd/conf.d/*.conf offline_credentials_expiration = 1 If "offline_credentials_expiration" in "/etc/sssd/sssd.conf" or in a file with a name ending in .conf in the "/etc/sssd/conf.d/" directory, is not set to "1", is commented out, is missing, or conflicting results are returned, this is a finding. | P97: Configure PAM to prohibit the use of cached authentications after one day. Add or change the following line in "/etc/sssd/sssd.conf" just below the line "[pam]": offline_credentials_expiration = 1 Note: It is valid for this configuration to be in a file with a name that ends with ".conf" and does not begin with a "." in the "/etc/sssd/conf.d/" directory instead of the "/etc/sssd/sssd.conf" file. | Q97: If cached authentication information is out-of-date, the validity of the authentication information may be questionable.
A98: UBTU-24-400360 | B98: V-270735 | C98: CAT II | D98: SRG-OS-000066-GPOS-00034 | E98: CCI-000185, CCI-004909 | F98: Ubuntu 24.04 LTS, for PKI-based authentication, SSSD must validate certificates by constructing a certification path (which includes status information) to an accepted trust anchor. | G98: No (manual) | H98: — | I98: As-is | J98: Distro-agnostic; verify file paths on Arch | K98: Not started | O98: Verify Ubuntu 24.04 LTS, for PKI-based authentication, has valid certificates by constructing a certification path to an accepted trust anchor. Ensure the pam service is listed under [sssd] with the following command: $ sudo grep -A 1 '^\[sssd\]' /etc/sssd/sssd.conf [sssd] services = nss,pam,ssh If "pam" is not listed in services, this is a finding. Additionally, ensure the pam service is set to use pam for smart card authentication in the [pam] section of /etc/sssd/sssd.conf with the following command: $ sudo grep -A 1 '^\[pam]' /etc/sssd/sssd.conf [pam] pam_cert_auth = True If "pam_cert_auth = True" is not returned, this is a finding. Ensure "ca" is enabled in "certificate_verification" with the following command: $ sudo grep certificate_verification /etc/sssd/sssd.conf certificate_verification = ca_cert,ocsp If "certificate_verification" is not set to "ca" or the line is commented out, this is a finding. | P98: Configure Ubuntu 24.04 LTS, for PKI-based authentication, to validate certificates by constructing a certification path to an accepted trust anchor. Add or update the /etc/sssd/sssd.conf so that the following entries are in the correct sections of the file: $ sudo vi /etc/sssd/sssd.conf [sssd] services = nss,pam,ssh config_file_version = 2 [pam] pam_cert_auth = True [domain/example.com] ldap_user_certificate = usercertificate;binary certificate_verification = ca_cert,ocsp ca_cert = /etc/ssl/certs/ca-certificates.crt | Q98: Without path validation, an informed trust decision by the relying party cannot be made when presented with any certificate not already explicitly trusted. A trust anchor is an authoritative entity represented via a public key and associated data. It is used in the context of public key infrastructures, X.509 digital certificates, and DNSSEC. When there is a chain of trust, usually the top entity to be trusted becomes the trust anchor; it can be, for example, a certification authority (CA). A certification path starts with the subject certificate and proceeds through a number of intermediate certificates up to a trusted root certificate, typically issued by a trusted CA. This requirement verifies that a certification path to an accepted trust anchor is used for certificate validation and that the path includes status information. Path validation is necessary for a relying party to make an informed trust decision when presented with any certificate not already explicitly trusted. Status information for certification paths includes certificate revocation lists or online certificate status protocol responses. Validation of the certificate status information is out of scope for this requirement. Satisfies: SRG-OS-000066-GPOS-00034, SRG-OS-000775-GPOS-00230
A99: UBTU-24-400370 | B99: V-270736 | C99: CAT I | D99: SRG-OS-000068-GPOS-00036 | E99: CCI-000187 | F99: Ubuntu 24.04 LTS must map the authenticated identity to the user or group account for PKI-based authentication. | G99: Yes | H99: textfilecontent54 | I99: Not applicable | J99: Verify path/package name on Arch | K99: Done | L99: pacman -Q sssd; test ! -f /etc/sssd/sssd.conf | M99: None on the public image. A site that adds PKI login sets ldap_user_certificate=userCertificate;binary in its own sssd.conf. | N99: Phase 2. Heuristic As-is is rejected. Omarchy does not install sssd and does not map LDAP certificates. There is no PKI login to mis-map. The parent SRG-OS-000068-GPOS-00036 applies when PKI authentication is in use. | O99: Verify that authenticated certificates are mapped to the appropriate user group in the "/etc/sssd/sssd.conf" file with the following command: $ grep -i ldap_user_certificate /etc/sssd/sssd.conf ldap_user_certificate=userCertificate;binary | P99: Configure sssd to map authenticated certificates to the appropriate user group by adding the following line to the "/etc/sssd/sssd.conf" file: ldap_user_certificate=userCertificate;binary | Q99: Without mapping the certificate used to authenticate to the user account, the ability to determine the identity of the individual user or group will not be available for forensic analysis.
A100: UBTU-24-400375 | B100: V-270737 | C100: CAT II | D100: SRG-OS-000066-GPOS-00034 | E100: CCI-000185, CCI-004909 | F100: Ubuntu 24.04 LTS, for PKI-based authentication, Privileged Access Management (PAM) must validate certificates by constructing a certification path (which includes status information) to an accepted trust anchor. | G100: Yes | H100: textfilecontent54 | I100: As-is | J100: Distro-agnostic; verify file paths on Arch | K100: Not started | O100: Verify Ubuntu 24.04 LTS, for PKI-based authentication, has valid certificates by constructing a certification path to an accepted trust anchor. Determine which pkcs11 module is being used via the "use_pkcs11_module" in "/etc/pam_pkcs11/pam_pkcs11.conf" and then ensure "ca" is enabled in "cert_policy" with the following command: $ sudo grep use_pkcs11_module /etc/pam_pkcs11/pam_pkcs11.conf | awk '/pkcs11_module opensc {/,/}/' /etc/pam_pkcs11/pam_pkcs11.conf | grep cert_policy | grep ca cert_policy = ca,signature,ocsp_on; If "cert_policy" is not set to "ca" or the line is commented out, this is a finding. | P100: Configure Ubuntu 24.04 LTS, for PKI-based authentication, to validate certificates by constructing a certification path to an accepted trust anchor. Determine which pkcs11 module is being used via the "use_pkcs11_module" in "/etc/pam_pkcs11/pam_pkcs11.conf" and ensure "ca" is enabled in "cert_policy". Add or update the "cert_policy" to ensure "ca" is enabled: cert_policy = ca,signature,ocsp_on; If the system is missing an "/etc/pam_pkcs11/" directory and an "/etc/pam_pkcs11/pam_pkcs11.conf", find an example to copy into place and modify accordingly at "https://manpages.ubuntu.com/manpages/xenial/man8/pam_pkcs11.8.html". | Q100: Without path validation, an informed trust decision by the relying party cannot be made when presented with any certificate not already explicitly trusted. A trust anchor is an authoritative entity represented via a public key and associated data. It is used in the context of public key infrastructures, X.509 digital certificates, and DNSSEC. When there is a chain of trust, usually the top entity to be trusted becomes the trust anchor; it can be, for example, a certification authority (CA). A certification path starts with the subject certificate and proceeds through a number of intermediate certificates up to a trusted root certificate, typically issued by a trusted CA. This requirement verifies that a certification path to an accepted trust anchor is used for certificate validation and that the path includes status information. Path validation is necessary for a relying party to make an informed trust decision when presented with any certificate not already explicitly trusted. Status information for certification paths includes certificate revocation lists or online certificate status protocol responses. Validation of the certificate status information is out of scope for this requirement. Satisfies: SRG-OS-000066-GPOS-00034, SRG-OS-000775-GPOS-00230
A101: UBTU-24-400380 | B101: V-270738 | C101: CAT II | D101: SRG-OS-000384-GPOS-00167 | E101: CCI-004068 | F101: Ubuntu 24.04 LTS for PKI-based authentication, must implement a local cache of revocation data in case of the inability to access revocation information via the network. | G101: Yes | H101: textfilecontent54 | I101: As-is | J101: Distro-agnostic; verify file paths on Arch | K101: Not started | O101: Note: If smart card authentication is not being used on the system, this is not applicable. Verify Ubuntu 24.04 LTS, for PKI-based authentication, uses local revocation data when unable to access it from the network with the following command: $ grep cert_policy /etc/pam_pkcs11/pam_pkcs11.conf | grep -E -- 'crl_auto|crl_offline' cert_policy = ca,signature,ocsp_on,crl_auto; If "cert_policy" is not set to include "crl_auto" or "crl_offline", this is a finding. | P101: Configure Ubuntu 24.04 LTS, for PKI-based authentication, to use local revocation data when unable to access the network to obtain it remotely. Add or update the "cert_policy" option in "/etc/pam_pkcs11/pam_pkcs11.conf" to include "crl_auto" or "crl_offline". cert_policy = ca,signature,ocsp_on, crl_auto; If the system is missing an "/etc/pam_pkcs11/" directory and an "/etc/pam_pkcs11/pam_pkcs11.conf", find an example to copy into place and modify accordingly at "/usr/share/doc/libpam-pkcs11/examples/pam_pkcs11.conf.example.gz". | Q101: Without configuring a local cache of revocation data, there is the potential to allow access to users who are no longer authorized (users with revoked certificates).
A102: UBTU-24-400400 | B102: V-270739 | C102: CAT II | D102: SRG-OS-000120-GPOS-00061 | E102: CCI-000803 | F102: Ubuntu 24.04 LTS must encrypt all stored passwords with a FIPS 140-3 approved cryptographic hashing algorithm. | G102: Yes | H102: textfilecontent54 | I102: Build | J102: No CMVP-validated module for Arch — decide FIPS lane first | K102: Not started | O102: Verify the shadow password suite configuration is set to encrypt passwords with a FIPS 140-3 approved cryptographic hashing algorithm with the following command: $ grep -i ENCRYPT_METHOD /etc/login.defs ENCRYPT_METHOD SHA512 If "ENCRYPT_METHOD" does not equal SHA512 or greater, this is a finding. | P102: Configure Ubuntu 24.04 LTS to encrypt all stored passwords. Edit/modify the following line in the "/etc/login.defs" file and set "ENCRYPT_METHOD" to SHA512: ENCRYPT_METHOD SHA512 | Q102: Passwords need to be protected at all times, and encryption is the standard method for protecting passwords. If passwords are not encrypted, they can be plainly read (i.e., clear text) and easily compromised.
A103: UBTU-24-500010 | B103: V-270740 | C103: CAT II | D103: SRG-OS-000392-GPOS-00172 | E103: CCI-002884, CCI-000172 | F103: Ubuntu 24.04 LTS must generate audit records for privileged activities, nonlocal maintenance, diagnostic sessions, and other system-level access. | G103: Yes | H103: textfilecontent54 | I103: As-is | J103: Distro-agnostic; verify file paths on Arch | K103: Not started | O103: Verify Ubuntu 24.04 LTS audits activities performed during nonlocal maintenance and diagnostic sessions with the following command: $ sudo auditctl -l | grep sudo.log -w /var/log/sudo.log -p wa -k maintenance If the command does not return lines that match the example or the lines are commented out, this is a finding. Note: The "-k" allows for specifying an arbitrary identifier, and the string after it does not need to match the example output above. | P103: Configure Ubuntu 24.04 LTS to audit activities performed during nonlocal maintenance and diagnostic sessions. Add or update the following rules in the "/etc/audit/rules.d/stig.rules" file: -w /var/log/sudo.log -p wa -k maintenance To reload the rules file, issue the following command: $ sudo augenrules --load | Q103: If events associated with nonlocal administrative access or diagnostic sessions are not logged, a major tool for assessing and investigating attacks would not be available. This requirement addresses auditing-related issues associated with maintenance tools used specifically for diagnostic and repair actions on organizational information systems. Nonlocal maintenance and diagnostic activities are those activities conducted by individuals communicating through a network, either an external network (e.g., the internet) or an internal network. Local maintenance and diagnostic activities are those activities carried out by individuals physically present at the information system or information system component and not communicating across a network connection. This requirement applies to hardware/software diagnostic test equipment or tools. This requirement does not cover hardware/software components that may support information system maintenance, yet are a part of the system, for example, the software implementing "ping," "ls," "ipconfig," or the hardware and software implementing the monitoring port of an Ethernet switch. Satisfies: SRG-OS-000392-GPOS-00172, SRG-OS-000471-GPOS-00215
A104: UBTU-24-500050 | B104: V-270741 | C104: CAT II | D104: SRG-OS-000125-GPOS-00065 | E104: CCI-000877 | F104: Ubuntu 24.04 LTS must use strong authenticators in establishing nonlocal maintenance and diagnostic sessions. | G104: Yes | H104: textfilecontent54 | I104: As-is | J104: Distro-agnostic; verify file paths on Arch | K104: In progress | N104: Phase 1. Parent SRG-OS-000125-GPOS-00065 (GPOS V-203653) is a gap. Heuristic As-is is not accepted. Multifactor authentication for nonlocal maintenance is not required. FIDO2 is optional. Owning the base repository does not add the requirement. Open finding when the check is written. | O104: Verify Ubuntu 24.04 LTS is configured to use strong authenticators in the establishment of nonlocal maintenance and diagnostic maintenance with the following command: $ sudo grep -r ^UsePAM /etc/ssh/sshd_config* /etc/ssh/sshd_config:UsePAM yes If "UsePAM" is not set to "yes", conflicting results are returned, the line is commented out, or is missing, this is a finding. | P104: Configure Ubuntu 24.04 LTS to use strong authentication when establishing nonlocal maintenance and diagnostic sessions. Add or modify the following line to /etc/ssh/sshd_config: UsePAM yes | Q104: Nonlocal maintenance and diagnostic activities are those activities conducted by individuals communicating through a network, either an external network (e.g., the internet) or an internal network. Local maintenance and diagnostic activities are those activities carried out by individuals physically present at the information system or information system component and not communicating across a network connection. Typically, strong authentication requires authenticators that are resistant to replay attacks and employ multifactor authentication. Strong authenticators include, for example, PKI where certificates are stored on a token protected by a password, passphrase, or biometric.
A105: UBTU-24-600000 | B105: V-270742 | C105: CAT II | D105: SRG-OS-000163-GPOS-00072 | E105: CCI-001133 | F105: Ubuntu 24.04 LTS must immediately terminate all network connections associated with SSH traffic after a period of inactivity. | G105: Yes | H105: textfilecontent54 | I105: As-is | J105: Distro-agnostic; verify file paths on Arch | K105: Not started | O105: Verify that all network connections associated with SSH traffic automatically terminate after a period of inactivity with the following command: $ sudo grep -ir ClientAliveCountMax /etc/ssh/sshd_config* /etc/ssh/sshd_config:ClientAliveCountMax 1 If "ClientAliveCountMax" is not to "1", if conflicting results are returned, is commented out, or is missing, this is a finding. | P105: Configure Ubuntu 24.04 LTS to automatically terminate inactive SSH sessions after a period of inactivity. Modify or append the following line in the "/etc/ssh/sshd_config" file, replacing "[Count]" with a value of 1: ClientAliveCountMax 1 Restart the SSH daemon for the changes to take effect: $ sudo systemctl restart ssh.service | Q105: Automatic session termination addresses the termination of user-initiated logical sessions in contrast to the termination of network connections that are associated with communications sessions (i.e., network disconnect). A logical session (for local, network, and remote access) is initiated whenever a user (or process acting on behalf of a user) accesses an organizational information system. Such user sessions can be terminated (and thus terminate user access) without terminating network sessions. Session termination terminates all processes associated with a user's logical session except those processes that are specifically created by the user (i.e., session owner) to continue after the session is terminated. Conditions or trigger events requiring automatic session termination can include, for example, organization-defined periods of user inactivity, targeted responses to certain types of incidents, and time-of-day restrictions on information system use. This capability is typically reserved for specific Ubuntu 24.04 LTS functionality where the system owner, data owner, or organization requires additional assurance.
A106: UBTU-24-600010 | B106: V-270743 | C106: CAT II | D106: SRG-OS-000163-GPOS-00072 | E106: CCI-001133 | F106: Ubuntu 24.04 LTS must immediately terminate all network connections associated with SSH traffic at the end of the session or after 10 minutes of inactivity. | G106: Yes | H106: textfilecontent54 | I106: As-is | J106: Distro-agnostic; verify file paths on Arch | K106: Not started | O106: Verify that all network connections associated with SSH traffic are automatically terminated at the end of the session or after 10 minutes of inactivity with the following command: $ grep -ir ClientAliveInterval /etc/ssh/sshd_config* /etc/ssh/sshd_config:ClientAliveInterval 600 If "ClientAliveInterval" does not exist, is not set to a value of "600" or less in "/etc/ssh/sshd_config", if conflicting results are returned, is commented out, or is missing, this is a finding. | P106: Configure Ubuntu 24.04 LTS to automatically terminate all network connections associated with SSH traffic at the end of a session or after a 10-minute period of inactivity. In the file "/etc/ssh/sshd_config", set "ClientAliveInterval" to a value of "600" or less: ClientAliveInterval 600 Restart SSH for the changes to take effect: $ sudo systemctl restart ssh | Q106: Terminating an idle session within a short time period reduces the window of opportunity for unauthorized personnel to take control of a management session enabled on the console or console port that has been left unattended. In addition, quickly terminating an idle session will also free up resources committed by the managed network element. Terminating network connections associated with communications sessions includes, for example, deallocating associated TCP/IP address/port pairs at the Ubuntu 24.04 LTS level and deallocating networking assignments at the application level if multiple application sessions are using a single operating system-level network connection. This does not mean that Ubuntu 24.04 LTS terminates all sessions or network access; it only ends the inactive session and releases the resources associated with that session.
A107: UBTU-24-600030 | B107: V-270744 | C107: CAT I | D107: SRG-OS-000478-GPOS-00223 | E107: CCI-002450 | F107: Ubuntu 24.04 LTS must implement NIST FIPS-validated cryptography to protect classified information and for the following: To provision digital signatures, to generate cryptographic hashes, and to protect unclassified information requiring confidentiality and cryptographic protection in accordance with applicable federal laws, Executive Orders, directives, policies, regulations, and standards. | G107: Yes | H107: textfilecontent54 | I107: Build | J107: No CMVP-validated module for Arch — decide FIPS lane first | K107: Open finding (POA&M) | L107: sysctl crypto.fips_enabled; test -r /proc/sys/crypto/fips_enabled && cat /proc/sys/crypto/fips_enabled | M107: Not on the public image. A later preset needs an Omarchy kernel and base userspace built as a validated module. Owning the kernel is the prerequisite, not the implementation. | N107: Phase 2. Parent V-203776. A current image has no fips_enabled file. Heuristic Build is right. Ubuntu's fix is Ubuntu Pro plus fips=1. That is not an Omarchy package and must not become the default desktop. | O107: Verify the system is configured to run in FIPS mode with the following command: $ grep -i 1 /proc/sys/crypto/fips_enabled 1 If a value of "1" is not returned, this is a finding. | P107: Configure the system to run in FIPS mode. Add "fips=1" to the kernel parameter during Ubuntu 24.04 LTSs install. Enabling a FIPS mode on a pre-existing system involves a number of modifications to Ubuntu 24.04 LTS. Refer to the Ubuntu Pro security certification documentation for instructions. A subscription to the "Ubuntu Pro" plan is required to obtain the FIPS Kernel cryptographic modules and enable FIPS. Note: Ubuntu Pro security certification instructions can be found at: https://ubuntu.com/security/certifications/docs/fips-enablement The basic steps use the following commands: $ sudo pro attach <token> $ sudo pro enable fips-updates | Q107: Use of weak or untested encryption algorithms undermines the purposes of utilizing encryption to protect data. Ubuntu 24.04 LTS must implement cryptographic modules adhering to the higher standards approved by the federal government since this provides assurance they have been tested and validated. Satisfies: SRG-OS-000478-GPOS-00223, SRG-OS-000396-GPOS-00176
A108: UBTU-24-600060 | B108: V-270745 | C108: CAT II | D108: SRG-OS-000403-GPOS-00182 | E108: CCI-002470 | F108: Ubuntu 24.04 LTS must use DOD PKI-established certificate authorities (CAs) for verification of the establishment of protected sessions. | G108: No (manual) | H108: — | I108: As-is | J108: Verify path/package name on Arch | K108: Not started | O108: Verify the directory containing the root certificates for Ubuntu 24.04 LTS contains certificate files for DOD PKI-established CAs by iterating over all files in the "/etc/ssl/certs" directory and checking if, at least one, has the subject matching "DOD ROOT CA". $ grep -ir DOD /etc/ssl/certs DOD_PKE_CA_chain.pem If no root certificate is found, this is a finding. | P108: Configure Ubuntu 24.04 LTS to use of DOD PKI-established CAs for verification of the establishment of protected sessions. Edit the "/etc/ca-certificates.conf" file, adding the character "!" to the beginning of all uncommented lines that do not start with the "!" character with the following command: $ sudo sed -i -E 's/^([^!#]+)/!\1/' /etc/ca-certificates.conf Add at least one CA to the "/usr/local/share/ca-certificates" directory in the PEM format. Update the "/etc/ssl/certs" directory with the following command: $ sudo update-ca-certificates | Q108: Untrusted CAs can issue certificates, but they may be issued by organizations or individuals that seek to compromise DOD systems or by organizations with insufficient security controls. If the CA used for verifying the certificate is not a DOD-approved CA, trust of this CA has not been established. The DOD will only accept PKI-certificates obtained from a DOD-approved internal or external certificate authority. Reliance on CAs for the establishment of secure sessions includes, for example, the use of SSL/TLS certificates.
A109: UBTU-24-600070 | B109: V-270746 | C109: CAT II | D109: SRG-OS-000184-GPOS-00078 | E109: CCI-001190 | F109: Ubuntu 24.04 LTS must disable kernel core dumps. | G109: Yes | H109: systemdunitproperty | I109: As-is | J109: Distro-agnostic; verify file paths on Arch | K109: Not started | O109: Verify kernel core dumps are disabled unless needed with the following command: $ systemctl status kdump-tools.service o kdump-tools.service Loaded: masked (Reason: Unit kdump-tools.service is masked.) Active: inactive (dead) If kdump-tools is not installed the output will be: Unit kdump-tools.service could not be found. If "kdump-tools.service" is not masked and inactive, ask the system administrator (SA) if the use of the service is required and documented with the information system security officer (ISSO). If the service is active and is not documented, this is a finding. | P109: If kernel core dumps are not required, disable the "kdump-tools" service with the following command: $ sudo systemctl disable kdump-tools.service If kernel core dumps are required, document the need with the ISSO. | Q109: Kernel core dumps may contain the full contents of system memory at the time of the crash. Kernel core dumps may consume a considerable amount of disk space and may result in denial of service by exhausting the available space on the target file system partition.
A110: UBTU-24-600090 | B110: V-270747 | C110: CAT II | D110: SRG-OS-000185-GPOS-00079 | E110: CCI-001199, CCI-002475, CCI-002476, CCI-004910 | F110: Ubuntu 24.04 LTS handling data requiring "data at rest" protections must employ cryptographic mechanisms to prevent unauthorized disclosure and modification of the information at rest. | G110: No (manual) | H110: — | I110: As-is | J110: Verify path/package name on Arch | K110: Not started | O110: Note: If there is a documented and approved mission requirement for data-at-rest to not be encrypted, this requirement is not applicable. Verify Ubuntu 24.04 LTS prevents unauthorized disclosure or modification of all information requiring at-rest protection by using disk encryption. Determine the partition layout for the system with the following command: $ sudo fdisk -l (..) Disk /dev/vda: 15 GiB, 16106127360 bytes, 31457280 sectors Units: sectors of 1 * 512 = 512 bytes Sector size (logical/physical): 512 bytes / 512 bytes I/O size (minimum/optimal): 512 bytes / 512 bytes Disklabel type: gpt Disk identifier: 83298450-B4E3-4B19-A9E4-7DF147A5FEFB Device Start End Sectors Size Type /dev/vda1 2048 4095 2048 1M BIOS boot /dev/vda2 4096 2101247 2097152 1G Linux filesystem /dev/vda3 2101248 31455231 29353984 14G Linux filesystem (...) Verify the system partitions are all encrypted with the following command: $ more /etc/crypttab Every persistent disk partition present must have an entry in the file. If any partitions other than the boot partition or pseudo file systems (such as /proc or /sys) are not listed, this is a finding. | P110: To encrypt an entire partition, dedicate a partition for encryption in the partition layout. Note: Encrypting a partition in an already-installed system is more difficult because it will need to be resized and existing partitions changed. | Q110: Information at rest refers to the state of information when it is located on a secondary storage device (e.g., disk drive and tape drive, when used for backups) within an operating system. This requirement addresses protection of user-generated data, as well as operating system-specific configuration data. Organizations may choose to employ different mechanisms to achieve confidentiality and integrity protections, as appropriate, in accordance with the security category and/or classification of the information. Satisfies: SRG-OS-000185-GPOS-00079, SRG-OS-000404-GPOS-00183, SRG-OS-000405-GPOS-00184, SRG-OS-000780-GPOS-00240
A111: UBTU-24-600130 | B111: V-270748 | C111: CAT I | D111: SRG-OS-000134-GPOS-00068 | E111: CCI-001084 | F111: Ubuntu 24.04 LTS must ensure only users who need access to security functions are part of sudo group. | G111: No (manual) | H111: — | I111: Policy answer | J111: Organizational/vendor decision, not a config setting | K111: Done | L111: getent group wheel; getent group sudo | M111: The installing account stays in wheel. That is the person who administers the machine. A site removes extra accounts with gpasswd -d. There is no sudo group on this image; wheel is the group. | N111: Phase 2. Policy answer. Parent SRG-OS-000134-GPOS-00068. Omarchy puts the owner in wheel on purpose, including some scoped NOPASSWD rules for DNS, timezone, and theme. That is the public product. A gov/mil preset can empty wheel of everyone but the administrators of record. The check is the roster, not a package change. | O111: Verify the sudo group has only members who require access to security functions with the following command: $ grep sudo /etc/group sudo:x:27:foo If the sudo group contains users not needing access to security functions, this is a finding. | P111: Configure the sudo group with only members requiring access to security functions. To remove a user from the sudo group, run: $ sudo gpasswd -d <username> sudo | Q111: An isolation boundary provides access control and protects the integrity of the hardware, software, and firmware that perform security functions. Security functions are the hardware, software, and/or firmware of the information system responsible for enforcing the system security policy and supporting the isolation of code and data on which the protection is based. Operating systems implement code separation (i.e., separation of security functions from nonsecurity functions) in a number of ways, including through the provision of security kernels via processor rings or processor modes. For nonkernel code, security function isolation is often achieved through file system protections that serve to protect the code on disk and address space protections that protect executing code. Developers and implementers can increase the assurance in security functions by employing well-defined security policy models; structured, disciplined, and rigorous hardware and software development techniques; and sound system/security engineering principles. Implementation may include isolation of memory space and libraries. Ubuntu 24.04 LTS restricts access to security functions through the use of access control mechanisms and by implementing least privilege capabilities.
...
